{
    "nDCG": {
        "NDCG@1": 0.402,
        "NDCG@3": 0.38455,
        "NDCG@5": 0.37913,
        "NDCG@10": 0.38223,
        "NDCG@100": 0.4411,
        "NDCG@1000": 0.47331
    },
    "MAP": {
        "MAP@1": 0.20019,
        "MAP@3": 0.25831,
        "MAP@5": 0.27832,
        "MAP@10": 0.29871,
        "MAP@100": 0.32177,
        "MAP@1000": 0.32404
    },
    "Recall": {
        "R_cap@1": 0.402,
        "R_cap@3": 0.39033,
        "R_cap@5": 0.3952,
        "R_cap@10": 0.41854,
        "R_cap@100": 0.60743,
        "R_cap@1000": 0.76656
    },
    "Precision": {
        "P@1": 0.402,
        "P@3": 0.25667,
        "P@5": 0.1956,
        "P@10": 0.1338,
        "P@100": 0.02504,
        "P@1000": 0.00344
    },
    "mrr": {
        "MRR@1": 0.402,
        "MRR@3": 0.466,
        "MRR@5": 0.4785,
        "MRR@10": 0.48757,
        "MRR@100": 0.4943,
        "MRR@1000": 0.49464
    },
    "hole": {
        "Hole@1": 0.57,
        "Hole@3": 0.71267,
        "Hole@5": 0.7788,
        "Hole@10": 0.8486,
        "Hole@100": 0.9686,
        "Hole@1000": 0.9943
    }
}