{
    "nDCG": {
        "NDCG@1": 0.43574,
        "NDCG@3": 0.40093,
        "NDCG@5": 0.37382,
        "NDCG@10": 0.33899,
        "NDCG@100": 0.29036,
        "NDCG@1000": 0.34737
    },
    "MAP": {
        "MAP@1": 0.01853,
        "MAP@3": 0.0408,
        "MAP@5": 0.05376,
        "MAP@10": 0.0752,
        "MAP@100": 0.12469,
        "MAP@1000": 0.1394
    },
    "Recall": {
        "R_cap@1": 0.46988,
        "R_cap@3": 0.41767,
        "R_cap@5": 0.37791,
        "R_cap@10": 0.32458,
        "R_cap@100": 0.2927,
        "R_cap@1000": 0.42761
    },
    "Precision": {
        "P@1": 0.46988,
        "P@3": 0.41767,
        "P@5": 0.37751,
        "P@10": 0.31566,
        "P@100": 0.11835,
        "P@1000": 0.02334
    },
    "mrr": {
        "MRR@1": 0.46988,
        "MRR@3": 0.5676,
        "MRR@5": 0.58608,
        "MRR@10": 0.59356,
        "MRR@100": 0.60068,
        "MRR@1000": 0.6008
    },
    "hole": {
        "Hole@1": 0.04819,
        "Hole@3": 0.08434,
        "Hole@5": 0.08594,
        "Hole@10": 0.11847,
        "Hole@100": 0.26538,
        "Hole@1000": 0.47745
    }
}