{
    "nDCG": {
        "NDCG@1": 0.7731,
        "NDCG@3": 0.82004,
        "NDCG@5": 0.8381,
        "NDCG@10": 0.85248,
        "NDCG@100": 0.86805,
        "NDCG@1000": 0.86989
    },
    "MAP": {
        "MAP@1": 0.67215,
        "MAP@3": 0.77981,
        "MAP@5": 0.79873,
        "MAP@10": 0.80998,
        "MAP@100": 0.81686,
        "MAP@1000": 0.81711
    },
    "Recall": {
        "R_cap@1": 0.7726,
        "R_cap@3": 0.85818,
        "R_cap@5": 0.89898,
        "R_cap@10": 0.93707,
        "R_cap@100": 0.99035,
        "R_cap@1000": 0.999
    },
    "Precision": {
        "P@1": 0.7731,
        "P@3": 0.3582,
        "P@5": 0.23676,
        "P@10": 0.12946,
        "P@100": 0.01502,
        "P@1000": 0.00156
    },
    "mrr": {
        "MRR@1": 0.7726,
        "MRR@3": 0.8321,
        "MRR@5": 0.84038,
        "MRR@10": 0.84397,
        "MRR@100": 0.8455,
        "MRR@1000": 0.84552
    },
    "hole": {
        "Hole@1": 0.2087,
        "Hole@3": 0.60327,
        "Hole@5": 0.7191,
        "Hole@10": 0.82193,
        "Hole@100": 0.9358,
        "Hole@1000": 0.95443
    }
}