{
    "nDCG": {
        "NDCG@1": 0.19026,
        "NDCG@3": 0.28997,
        "NDCG@5": 0.33226,
        "NDCG@10": 0.37116,
        "NDCG@100": 0.43114,
        "NDCG@1000": 0.44548
    },
    "MAP": {
        "MAP@1": 0.18539,
        "MAP@3": 0.26301,
        "MAP@5": 0.28673,
        "MAP@10": 0.30307,
        "MAP@100": 0.3154,
        "MAP@1000": 0.31597
    },
    "Recall": {
        "R_cap@1": 0.19026,
        "R_cap@3": 0.36225,
        "R_cap@5": 0.46386,
        "R_cap@10": 0.58207,
        "R_cap@100": 0.86071,
        "R_cap@1000": 0.97076
    },
    "Precision": {
        "P@1": 0.19026,
        "P@3": 0.12512,
        "P@5": 0.0965,
        "P@10": 0.06076,
        "P@100": 0.00908,
        "P@1000": 0.00103
    },
    "mrr": {
        "MRR@1": 0.19026,
        "MRR@3": 0.26882,
        "MRR@5": 0.29215,
        "MRR@10": 0.30823,
        "MRR@100": 0.32004,
        "MRR@1000": 0.32053
    },
    "hole": {
        "Hole@1": 0.80774,
        "Hole@3": 0.8733,
        "Hole@5": 0.90192,
        "Hole@10": 0.93787,
        "Hole@100": 0.98962,
        "Hole@1000": 0.99776
    }
}