{
    "nDCG": {
        "NDCG@1": 0.75787,
        "NDCG@3": 0.59239,
        "NDCG@5": 0.61696,
        "NDCG@10": 0.63772,
        "NDCG@100": 0.66916,
        "NDCG@1000": 0.68333
    },
    "MAP": {
        "MAP@1": 0.37893,
        "MAP@3": 0.51247,
        "MAP@5": 0.53149,
        "MAP@10": 0.54363,
        "MAP@100": 0.55261,
        "MAP@1000": 0.55332
    },
    "Recall": {
        "R_cap@1": 0.75787,
        "R_cap@3": 0.55375,
        "R_cap@5": 0.6023,
        "R_cap@10": 0.65442,
        "R_cap@100": 0.77731,
        "R_cap@1000": 0.87184
    },
    "Precision": {
        "P@1": 0.75787,
        "P@3": 0.36916,
        "P@5": 0.24092,
        "P@10": 0.13088,
        "P@100": 0.01555,
        "P@1000": 0.00174
    },
    "mrr": {
        "MRR@1": 0.75787,
        "MRR@3": 0.80909,
        "MRR@5": 0.8156,
        "MRR@10": 0.81945,
        "MRR@100": 0.82151,
        "MRR@1000": 0.82159
    },
    "hole": {
        "Hole@1": 0.23444,
        "Hole@3": 0.61553,
        "Hole@5": 0.74204,
        "Hole@10": 0.85153,
        "Hole@100": 0.96911,
        "Hole@1000": 0.98612
    }
}