{
    "nDCG": {
        "NDCG@1": 0.25697,
        "NDCG@3": 0.23097,
        "NDCG@5": 0.21192,
        "NDCG@10": 0.19842,
        "NDCG@100": 0.1882,
        "NDCG@1000": 0.28284
    },
    "MAP": {
        "MAP@1": 0.01993,
        "MAP@3": 0.0363,
        "MAP@5": 0.04172,
        "MAP@10": 0.05272,
        "MAP@100": 0.07201,
        "MAP@1000": 0.08345
    },
    "Recall": {
        "R_cap@1": 0.27245,
        "R_cap@3": 0.23271,
        "R_cap@5": 0.20604,
        "R_cap@10": 0.19157,
        "R_cap@100": 0.22197,
        "R_cap@1000": 0.54369
    },
    "Precision": {
        "P@1": 0.26935,
        "P@3": 0.22807,
        "P@5": 0.19505,
        "P@10": 0.16068,
        "P@100": 0.05554,
        "P@1000": 0.01845
    },
    "mrr": {
        "MRR@1": 0.27245,
        "MRR@3": 0.3354,
        "MRR@5": 0.3436,
        "MRR@10": 0.35536,
        "MRR@100": 0.36519,
        "MRR@1000": 0.366
    },
    "hole": {
        "Hole@1": 0.09598,
        "Hole@3": 0.11455,
        "Hole@5": 0.1257,
        "Hole@10": 0.14551,
        "Hole@100": 0.15115,
        "Hole@1000": 0.14405
    }
}