{
    "nDCG": {
        "NDCG@1": 0.7876,
        "NDCG@3": 0.83302,
        "NDCG@5": 0.85034,
        "NDCG@10": 0.86471,
        "NDCG@100": 0.87866,
        "NDCG@1000": 0.88007
    },
    "MAP": {
        "MAP@1": 0.6853,
        "MAP@3": 0.79297,
        "MAP@5": 0.81197,
        "MAP@10": 0.8234,
        "MAP@100": 0.82988,
        "MAP@1000": 0.8301
    },
    "Recall": {
        "R_cap@1": 0.7877,
        "R_cap@3": 0.87017,
        "R_cap@5": 0.90878,
        "R_cap@10": 0.9466,
        "R_cap@100": 0.99348,
        "R_cap@1000": 0.99944
    },
    "Precision": {
        "P@1": 0.7876,
        "P@3": 0.3634,
        "P@5": 0.23982,
        "P@10": 0.13131,
        "P@100": 0.01512,
        "P@1000": 0.00156
    },
    "mrr": {
        "MRR@1": 0.7877,
        "MRR@3": 0.8456,
        "MRR@5": 0.85273,
        "MRR@10": 0.85641,
        "MRR@100": 0.85769,
        "MRR@1000": 0.8577
    },
    "hole": {
        "Hole@1": 0.195,
        "Hole@3": 0.6002,
        "Hole@5": 0.7188,
        "Hole@10": 0.82277,
        "Hole@100": 0.93901,
        "Hole@1000": 0.95739
    }
}