{
    "nDCG": {
        "NDCG@1": 0.24537,
        "NDCG@3": 0.22875,
        "NDCG@5": 0.23863,
        "NDCG@10": 0.26383,
        "NDCG@100": 0.32797,
        "NDCG@1000": 0.36242
    },
    "MAP": {
        "MAP@1": 0.12,
        "MAP@3": 0.17166,
        "MAP@5": 0.18481,
        "MAP@10": 0.19941,
        "MAP@100": 0.21493,
        "MAP@1000": 0.21678
    },
    "Recall": {
        "R_cap@1": 0.24537,
        "R_cap@3": 0.23431,
        "R_cap@5": 0.26098,
        "R_cap@10": 0.32551,
        "R_cap@100": 0.56807,
        "R_cap@1000": 0.77574
    },
    "Precision": {
        "P@1": 0.24537,
        "P@3": 0.15432,
        "P@5": 0.11451,
        "P@10": 0.0767,
        "P@100": 0.01383,
        "P@1000": 0.00198
    },
    "mrr": {
        "MRR@1": 0.24537,
        "MRR@3": 0.30221,
        "MRR@5": 0.31633,
        "MRR@10": 0.32743,
        "MRR@100": 0.33778,
        "MRR@1000": 0.3384
    },
    "hole": {
        "Hole@1": 0.69599,
        "Hole@3": 0.78961,
        "Hole@5": 0.83148,
        "Hole@10": 0.86667,
        "Hole@100": 0.92738,
        "Hole@1000": 0.94267
    }
}