{
    "nDCG": {
        "NDCG@1": 0.35567,
        "NDCG@3": 0.29054,
        "NDCG@5": 0.2613,
        "NDCG@10": 0.22999,
        "NDCG@100": 0.23435,
        "NDCG@1000": 0.29685
    },
    "MAP": {
        "MAP@1": 0.02466,
        "MAP@3": 0.04686,
        "MAP@5": 0.05873,
        "MAP@10": 0.07772,
        "MAP@100": 0.11025,
        "MAP@1000": 0.11697
    },
    "Recall": {
        "R_cap@1": 0.39175,
        "R_cap@3": 0.2921,
        "R_cap@5": 0.2433,
        "R_cap@10": 0.20025,
        "R_cap@100": 0.22869,
        "R_cap@1000": 0.42983
    },
    "Precision": {
        "P@1": 0.39175,
        "P@3": 0.28522,
        "P@5": 0.2433,
        "P@10": 0.18969,
        "P@100": 0.04918,
        "P@1000": 0.00911
    },
    "mrr": {
        "MRR@1": 0.39175,
        "MRR@3": 0.43127,
        "MRR@5": 0.43591,
        "MRR@10": 0.44321,
        "MRR@100": 0.4486,
        "MRR@1000": 0.44911
    },
    "hole": {
        "Hole@1": 0.59794,
        "Hole@3": 0.69759,
        "Hole@5": 0.75052,
        "Hole@10": 0.80309,
        "Hole@100": 0.94814,
        "Hole@1000": 0.98911
    }
}