{
    "nDCG": {
        "NDCG@1": 0.25087,
        "NDCG@3": 0.35264,
        "NDCG@5": 0.39859,
        "NDCG@10": 0.43982,
        "NDCG@100": 0.49641,
        "NDCG@1000": 0.50705
    },
    "MAP": {
        "MAP@1": 0.21987,
        "MAP@3": 0.31567,
        "MAP@5": 0.34301,
        "MAP@10": 0.361,
        "MAP@100": 0.37452,
        "MAP@1000": 0.375
    },
    "Recall": {
        "R_cap@1": 0.25087,
        "R_cap@3": 0.42825,
        "R_cap@5": 0.53457,
        "R_cap@10": 0.65653,
        "R_cap@100": 0.90124,
        "R_cap@1000": 0.97953
    },
    "Precision": {
        "P@1": 0.25087,
        "P@3": 0.16657,
        "P@5": 0.1259,
        "P@10": 0.0779,
        "P@100": 0.01092,
        "P@1000": 0.00119
    },
    "mrr": {
        "MRR@1": 0.25087,
        "MRR@3": 0.34714,
        "MRR@5": 0.37088,
        "MRR@10": 0.38674,
        "MRR@100": 0.39715,
        "MRR@1000": 0.3975
    },
    "hole": {
        "Hole@1": 0.74623,
        "Hole@3": 0.82889,
        "Hole@5": 0.86947,
        "Hole@10": 0.91747,
        "Hole@100": 0.98493,
        "Hole@1000": 0.99525
    }
}