{
    "nDCG": {
        "NDCG@1": 0.22761,
        "NDCG@3": 0.26029,
        "NDCG@5": 0.27309,
        "NDCG@10": 0.29392,
        "NDCG@100": 0.33776,
        "NDCG@1000": 0.36095
    },
    "MAP": {
        "MAP@1": 0.20003,
        "MAP@3": 0.23906,
        "MAP@5": 0.24713,
        "MAP@10": 0.25589,
        "MAP@100": 0.26429,
        "MAP@1000": 0.26522
    },
    "Recall": {
        "R_cap@1": 0.22761,
        "R_cap@3": 0.2898,
        "R_cap@5": 0.31928,
        "R_cap@10": 0.38023,
        "R_cap@100": 0.5786,
        "R_cap@1000": 0.74323
    },
    "Precision": {
        "P@1": 0.22761,
        "P@3": 0.11443,
        "P@5": 0.0778,
        "P@10": 0.04729,
        "P@100": 0.00773,
        "P@1000": 0.00106
    },
    "mrr": {
        "MRR@1": 0.22761,
        "MRR@3": 0.2699,
        "MRR@5": 0.27802,
        "MRR@10": 0.28721,
        "MRR@100": 0.29519,
        "MRR@1000": 0.29591
    },
    "hole": {
        "Hole@1": 0.71455,
        "Hole@3": 0.82805,
        "Hole@5": 0.86194,
        "Hole@10": 0.8958,
        "Hole@100": 0.9428,
        "Hole@1000": 0.95766
    }
}