{
    "nDCG": {
        "NDCG@1": 0.43275,
        "NDCG@3": 0.44346,
        "NDCG@5": 0.43131,
        "NDCG@10": 0.40924,
        "NDCG@100": 0.42168,
        "NDCG@1000": 0.52677
    },
    "MAP": {
        "MAP@1": 0.01937,
        "MAP@3": 0.04913,
        "MAP@5": 0.073,
        "MAP@10": 0.11049,
        "MAP@100": 0.22756,
        "MAP@1000": 0.25976
    },
    "Recall": {
        "R_cap@1": 0.59649,
        "R_cap@3": 0.59064,
        "R_cap@5": 0.55263,
        "R_cap@10": 0.49851,
        "R_cap@100": 0.45614,
        "R_cap@1000": 0.72711
    },
    "Precision": {
        "P@1": 0.59649,
        "P@3": 0.59064,
        "P@5": 0.54737,
        "P@10": 0.48947,
        "P@100": 0.18123,
        "P@1000": 0.0347
    },
    "mrr": {
        "MRR@1": 0.59649,
        "MRR@3": 0.68421,
        "MRR@5": 0.70088,
        "MRR@10": 0.7077,
        "MRR@100": 0.71019,
        "MRR@1000": 0.71031
    },
    "hole": {
        "Hole@1": 0.14035,
        "Hole@3": 0.18129,
        "Hole@5": 0.22105,
        "Hole@10": 0.26667,
        "Hole@100": 0.56404,
        "Hole@1000": 0.84209
    }
}