{
    "nDCG": {
        "NDCG@1": 0.18563,
        "NDCG@3": 0.32393,
        "NDCG@5": 0.36712,
        "NDCG@10": 0.42977,
        "NDCG@100": 0.48407,
        "NDCG@1000": 0.48837
    },
    "MAP": {
        "MAP@1": 0.18563,
        "MAP@3": 0.28924,
        "MAP@5": 0.3131,
        "MAP@10": 0.33914,
        "MAP@100": 0.35157,
        "MAP@1000": 0.35175
    },
    "Recall": {
        "R_cap@1": 0.19061,
        "R_cap@3": 0.42248,
        "R_cap@5": 0.53129,
        "R_cap@10": 0.72262,
        "R_cap@100": 0.96302,
        "R_cap@1000": 0.99573
    },
    "Precision": {
        "P@1": 0.18563,
        "P@3": 0.14154,
        "P@5": 0.10597,
        "P@10": 0.07226,
        "P@100": 0.00963,
        "P@1000": 0.001
    },
    "mrr": {
        "MRR@1": 0.19061,
        "MRR@3": 0.29054,
        "MRR@5": 0.31526,
        "MRR@10": 0.34101,
        "MRR@100": 0.35345,
        "MRR@1000": 0.35363
    },
    "hole": {
        "Hole@1": 0.6458,
        "Hole@3": 0.64059,
        "Hole@5": 0.64651,
        "Hole@10": 0.6431,
        "Hole@100": 0.78794,
        "Hole@1000": 0.83098
    }
}