{
    "nDCG": {
        "NDCG@1": 0.07024,
        "NDCG@3": 0.11023,
        "NDCG@5": 0.12556,
        "NDCG@10": 0.1438,
        "NDCG@100": 0.19142,
        "NDCG@1000": 0.22517
    },
    "MAP": {
        "MAP@1": 0.06414,
        "MAP@3": 0.09713,
        "MAP@5": 0.10564,
        "MAP@10": 0.11297,
        "MAP@100": 0.12149,
        "MAP@1000": 0.12259
    },
    "Recall": {
        "R_cap@1": 0.07024,
        "R_cap@3": 0.13802,
        "R_cap@5": 0.17486,
        "R_cap@10": 0.22982,
        "R_cap@100": 0.45838,
        "R_cap@1000": 0.72272
    },
    "Precision": {
        "P@1": 0.07024,
        "P@3": 0.05114,
        "P@5": 0.03956,
        "P@10": 0.02625,
        "P@100": 0.0054,
        "P@1000": 0.00089
    },
    "mrr": {
        "MRR@1": 0.07024,
        "MRR@3": 0.1069,
        "MRR@5": 0.11587,
        "MRR@10": 0.12375,
        "MRR@100": 0.13274,
        "MRR@1000": 0.13367
    },
    "hole": {
        "Hole@1": 0.90943,
        "Hole@3": 0.93038,
        "Hole@5": 0.94085,
        "Hole@10": 0.95305,
        "Hole@100": 0.97547,
        "Hole@1000": 0.98232
    }
}