{
    "nDCG": {
        "NDCG@1": 0.64296,
        "NDCG@3": 0.72429,
        "NDCG@5": 0.74294,
        "NDCG@10": 0.75879,
        "NDCG@100": 0.77489,
        "NDCG@1000": 0.77797
    },
    "MAP": {
        "MAP@1": 0.59538,
        "MAP@3": 0.68614,
        "MAP@5": 0.69754,
        "MAP@10": 0.70472,
        "MAP@100": 0.70865,
        "MAP@1000": 0.7088
    },
    "Recall": {
        "R_cap@1": 0.64296,
        "R_cap@3": 0.78998,
        "R_cap@5": 0.83467,
        "R_cap@10": 0.88146,
        "R_cap@100": 0.94966,
        "R_cap@1000": 0.97038
    },
    "Precision": {
        "P@1": 0.64296,
        "P@3": 0.28563,
        "P@5": 0.18212,
        "P@10": 0.09682,
        "P@100": 0.01064,
        "P@1000": 0.00111
    },
    "mrr": {
        "MRR@1": 0.64296,
        "MRR@3": 0.7326,
        "MRR@5": 0.74314,
        "MRR@10": 0.74955,
        "MRR@100": 0.7524,
        "MRR@1000": 0.75245
    },
    "hole": {
        "Hole@1": 0.32643,
        "Hole@3": 0.68117,
        "Hole@5": 0.78842,
        "Hole@10": 0.88072,
        "Hole@100": 0.98191,
        "Hole@1000": 0.9958
    }
}