{
    "nDCG": {
        "NDCG@1": 0.15107,
        "NDCG@3": 0.17538,
        "NDCG@5": 0.18815,
        "NDCG@10": 0.20682,
        "NDCG@100": 0.24446,
        "NDCG@1000": 0.27123
    },
    "MAP": {
        "MAP@1": 0.12581,
        "MAP@3": 0.15617,
        "MAP@5": 0.1647,
        "MAP@10": 0.17278,
        "MAP@100": 0.18014,
        "MAP@1000": 0.18118
    },
    "Recall": {
        "R_cap@1": 0.15107,
        "R_cap@3": 0.1966,
        "R_cap@5": 0.22724,
        "R_cap@10": 0.28165,
        "R_cap@100": 0.45381,
        "R_cap@1000": 0.64735
    },
    "Precision": {
        "P@1": 0.15107,
        "P@3": 0.08098,
        "P@5": 0.05822,
        "P@10": 0.0372,
        "P@100": 0.0065,
        "P@1000": 0.001
    },
    "mrr": {
        "MRR@1": 0.15107,
        "MRR@3": 0.18617,
        "MRR@5": 0.19451,
        "MRR@10": 0.20312,
        "MRR@100": 0.21016,
        "MRR@1000": 0.21098
    },
    "hole": {
        "Hole@1": 0.75877,
        "Hole@3": 0.82897,
        "Hole@5": 0.85024,
        "Hole@10": 0.87106,
        "Hole@100": 0.91039,
        "Hole@1000": 0.92598
    }
}