{
    "nDCG": {
        "NDCG@1": 0.184,
        "NDCG@3": 0.15023,
        "NDCG@5": 0.13,
        "NDCG@10": 0.15796,
        "NDCG@100": 0.22395,
        "NDCG@1000": 0.27553
    },
    "MAP": {
        "MAP@1": 0.03738,
        "MAP@3": 0.06588,
        "MAP@5": 0.07717,
        "MAP@10": 0.09043,
        "MAP@100": 0.10616,
        "MAP@1000": 0.10883
    },
    "Recall": {
        "R_cap@1": 0.184,
        "R_cap@3": 0.141,
        "R_cap@5": 0.11558,
        "R_cap@10": 0.16727,
        "R_cap@100": 0.36162,
        "R_cap@1000": 0.61335
    },
    "Precision": {
        "P@1": 0.184,
        "P@3": 0.141,
        "P@5": 0.114,
        "P@10": 0.0825,
        "P@100": 0.01782,
        "P@1000": 0.00302
    },
    "mrr": {
        "MRR@1": 0.184,
        "MRR@3": 0.24983,
        "MRR@5": 0.26603,
        "MRR@10": 0.27911,
        "MRR@100": 0.28989,
        "MRR@1000": 0.29072
    },
    "hole": {
        "Hole@1": 0.0,
        "Hole@3": 0.0,
        "Hole@5": 0.0,
        "Hole@10": 0.0,
        "Hole@100": 0.0,
        "Hole@1000": 0.0
    }
}