{
    "nDCG": {
        "NDCG@1": 0.75652,
        "NDCG@3": 0.5922,
        "NDCG@5": 0.61672,
        "NDCG@10": 0.63735,
        "NDCG@100": 0.66889,
        "NDCG@1000": 0.68299
    },
    "MAP": {
        "MAP@1": 0.37826,
        "MAP@3": 0.51214,
        "MAP@5": 0.53121,
        "MAP@10": 0.54322,
        "MAP@100": 0.55222,
        "MAP@1000": 0.55293
    },
    "Recall": {
        "R_cap@1": 0.75652,
        "R_cap@3": 0.55388,
        "R_cap@5": 0.60236,
        "R_cap@10": 0.65422,
        "R_cap@100": 0.77752,
        "R_cap@1000": 0.87157
    },
    "Precision": {
        "P@1": 0.75652,
        "P@3": 0.36926,
        "P@5": 0.24095,
        "P@10": 0.13084,
        "P@100": 0.01555,
        "P@1000": 0.00174
    },
    "mrr": {
        "MRR@1": 0.75652,
        "MRR@3": 0.80871,
        "MRR@5": 0.81502,
        "MRR@10": 0.81889,
        "MRR@100": 0.82098,
        "MRR@1000": 0.82105
    },
    "hole": {
        "Hole@1": 0.23592,
        "Hole@3": 0.61503,
        "Hole@5": 0.74209,
        "Hole@10": 0.85155,
        "Hole@100": 0.96911,
        "Hole@1000": 0.98612
    }
}