{
    "nDCG": {
        "NDCG@1": 0.35032,
        "NDCG@3": 0.38031,
        "NDCG@5": 0.3959,
        "NDCG@10": 0.41416,
        "NDCG@100": 0.45623,
        "NDCG@1000": 0.47953
    },
    "MAP": {
        "MAP@1": 0.27985,
        "MAP@3": 0.34052,
        "MAP@5": 0.35406,
        "MAP@10": 0.36402,
        "MAP@100": 0.37499,
        "MAP@1000": 0.37624
    },
    "Recall": {
        "R_cap@1": 0.35032,
        "R_cap@3": 0.4103,
        "R_cap@5": 0.4485,
        "R_cap@10": 0.50126,
        "R_cap@100": 0.67642,
        "R_cap@1000": 0.82726
    },
    "Precision": {
        "P@1": 0.35032,
        "P@3": 0.17962,
        "P@5": 0.12586,
        "P@10": 0.07554,
        "P@100": 0.0121,
        "P@1000": 0.00169
    },
    "mrr": {
        "MRR@1": 0.35032,
        "MRR@3": 0.40499,
        "MRR@5": 0.41661,
        "MRR@10": 0.42433,
        "MRR@100": 0.43109,
        "MRR@1000": 0.43161
    },
    "hole": {
        "Hole@1": 0.52166,
        "Hole@3": 0.6758,
        "Hole@5": 0.72433,
        "Hole@10": 0.77102,
        "Hole@100": 0.82227,
        "Hole@1000": 0.84243
    }
}