{
    "nDCG": {
        "NDCG@1": 0.27141,
        "NDCG@3": 0.31983,
        "NDCG@5": 0.33953,
        "NDCG@10": 0.36783,
        "NDCG@100": 0.42595,
        "NDCG@1000": 0.45013
    },
    "MAP": {
        "MAP@1": 0.22749,
        "MAP@3": 0.28665,
        "MAP@5": 0.29989,
        "MAP@10": 0.31337,
        "MAP@100": 0.32609,
        "MAP@1000": 0.32733
    },
    "Recall": {
        "R_cap@1": 0.27141,
        "R_cap@3": 0.35852,
        "R_cap@5": 0.40359,
        "R_cap@10": 0.48625,
        "R_cap@100": 0.73548,
        "R_cap@1000": 0.89472
    },
    "Precision": {
        "P@1": 0.27141,
        "P@3": 0.14918,
        "P@5": 0.10645,
        "P@10": 0.06747,
        "P@100": 0.01145,
        "P@1000": 0.00154
    },
    "mrr": {
        "MRR@1": 0.27141,
        "MRR@3": 0.33365,
        "MRR@5": 0.34737,
        "MRR@10": 0.35925,
        "MRR@100": 0.36867,
        "MRR@1000": 0.36923
    },
    "hole": {
        "Hole@1": 0.64293,
        "Hole@3": 0.76644,
        "Hole@5": 0.80404,
        "Hole@10": 0.83917,
        "Hole@100": 0.90203,
        "Hole@1000": 0.92749
    }
}