{
    "nDCG": {
        "NDCG@1": 0.25698,
        "NDCG@3": 0.30523,
        "NDCG@5": 0.32216,
        "NDCG@10": 0.3461,
        "NDCG@100": 0.39855,
        "NDCG@1000": 0.4231
    },
    "MAP": {
        "MAP@1": 0.21084,
        "MAP@3": 0.27113,
        "MAP@5": 0.28247,
        "MAP@10": 0.29415,
        "MAP@100": 0.30541,
        "MAP@1000": 0.30657
    },
    "Recall": {
        "R_cap@1": 0.25698,
        "R_cap@3": 0.34649,
        "R_cap@5": 0.38638,
        "R_cap@10": 0.45416,
        "R_cap@100": 0.67997,
        "R_cap@1000": 0.8479
    },
    "Precision": {
        "P@1": 0.25698,
        "P@3": 0.14597,
        "P@5": 0.10221,
        "P@10": 0.06372,
        "P@100": 0.01054,
        "P@1000": 0.00142
    },
    "mrr": {
        "MRR@1": 0.25698,
        "MRR@3": 0.3197,
        "MRR@5": 0.33178,
        "MRR@10": 0.34214,
        "MRR@100": 0.35145,
        "MRR@1000": 0.35197
    },
    "hole": {
        "Hole@1": 0.66121,
        "Hole@3": 0.76323,
        "Hole@5": 0.80808,
        "Hole@10": 0.84341,
        "Hole@100": 0.90543,
        "Hole@1000": 0.9347
    }
}