{
    "nDCG": {
        "NDCG@1": 0.0,
        "NDCG@3": 0.19753,
        "NDCG@5": 0.26101,
        "NDCG@10": 0.32633,
        "NDCG@100": 0.38992,
        "NDCG@1000": 0.39327
    },
    "MAP": {
        "MAP@1": 0.0,
        "MAP@3": 0.14817,
        "MAP@5": 0.18335,
        "MAP@10": 0.2103,
        "MAP@100": 0.22557,
        "MAP@1000": 0.22573
    },
    "Recall": {
        "R_cap@1": 0.0,
        "R_cap@3": 0.33997,
        "R_cap@5": 0.49502,
        "R_cap@10": 0.69701,
        "R_cap@100": 0.97155,
        "R_cap@1000": 0.99644
    },
    "Precision": {
        "P@1": 0.0,
        "P@3": 0.11356,
        "P@5": 0.099,
        "P@10": 0.0697,
        "P@100": 0.00972,
        "P@1000": 0.001
    },
    "mrr": {
        "MRR@1": 0.0,
        "MRR@3": 0.14794,
        "MRR@5": 0.18325,
        "MRR@10": 0.21021,
        "MRR@100": 0.22548,
        "MRR@1000": 0.22564
    },
    "hole": {
        "Hole@1": 1.0,
        "Hole@3": 0.74419,
        "Hole@5": 0.70341,
        "Hole@10": 0.6611,
        "Hole@100": 0.78208,
        "Hole@1000": 0.83532
    }
}