{
    "nDCG": {
        "NDCG@1": 0.1548,
        "NDCG@3": 0.20129,
        "NDCG@5": 0.22416,
        "NDCG@10": 0.24495,
        "NDCG@100": 0.29101,
        "NDCG@1000": 0.31969
    },
    "MAP": {
        "MAP@1": 0.14244,
        "MAP@3": 0.18396,
        "MAP@5": 0.19735,
        "MAP@10": 0.20605,
        "MAP@100": 0.21489,
        "MAP@1000": 0.21585
    },
    "Recall": {
        "R_cap@1": 0.1548,
        "R_cap@3": 0.23427,
        "R_cap@5": 0.28831,
        "R_cap@10": 0.35134,
        "R_cap@100": 0.57047,
        "R_cap@1000": 0.79572
    },
    "Precision": {
        "P@1": 0.1548,
        "P@3": 0.08701,
        "P@5": 0.06531,
        "P@10": 0.03977,
        "P@100": 0.00664,
        "P@1000": 0.00094
    },
    "mrr": {
        "MRR@1": 0.1548,
        "MRR@3": 0.20019,
        "MRR@5": 0.21301,
        "MRR@10": 0.22186,
        "MRR@100": 0.22979,
        "MRR@1000": 0.23066
    },
    "hole": {
        "Hole@1": 0.80339,
        "Hole@3": 0.87947,
        "Hole@5": 0.90056,
        "Hole@10": 0.92124,
        "Hole@100": 0.9561,
        "Hole@1000": 0.9659
    }
}