{
    "nDCG": {
        "NDCG@1": 0.34021,
        "NDCG@3": 0.29258,
        "NDCG@5": 0.2785,
        "NDCG@10": 0.2438,
        "NDCG@100": 0.25176,
        "NDCG@1000": 0.29403
    },
    "MAP": {
        "MAP@1": 0.02595,
        "MAP@3": 0.0481,
        "MAP@5": 0.06562,
        "MAP@10": 0.08586,
        "MAP@100": 0.12137,
        "MAP@1000": 0.1265
    },
    "Recall": {
        "R_cap@1": 0.38144,
        "R_cap@3": 0.28866,
        "R_cap@5": 0.27216,
        "R_cap@10": 0.21799,
        "R_cap@100": 0.25393,
        "R_cap@1000": 0.37927
    },
    "Precision": {
        "P@1": 0.37113,
        "P@3": 0.28866,
        "P@5": 0.27216,
        "P@10": 0.20825,
        "P@100": 0.05392,
        "P@1000": 0.00841
    },
    "mrr": {
        "MRR@1": 0.38144,
        "MRR@3": 0.43471,
        "MRR@5": 0.4445,
        "MRR@10": 0.45517,
        "MRR@100": 0.46157,
        "MRR@1000": 0.46179
    },
    "hole": {
        "Hole@1": 0.60825,
        "Hole@3": 0.70103,
        "Hole@5": 0.71959,
        "Hole@10": 0.7866,
        "Hole@100": 0.94423,
        "Hole@1000": 0.99048
    }
}