{
    "nDCG": {
        "NDCG@1": 0.55667,
        "NDCG@3": 0.62388,
        "NDCG@5": 0.65354,
        "NDCG@10": 0.67674,
        "NDCG@100": 0.70678,
        "NDCG@1000": 0.71118
    },
    "MAP": {
        "MAP@1": 0.53333,
        "MAP@3": 0.59681,
        "MAP@5": 0.61629,
        "MAP@10": 0.62748,
        "MAP@100": 0.63416,
        "MAP@1000": 0.63437
    },
    "Recall": {
        "R_cap@1": 0.55667,
        "R_cap@3": 0.67667,
        "R_cap@5": 0.74583,
        "R_cap@10": 0.81344,
        "R_cap@100": 0.95033,
        "R_cap@1000": 0.98333
    },
    "Precision": {
        "P@1": 0.55667,
        "P@3": 0.24222,
        "P@5": 0.16467,
        "P@10": 0.09133,
        "P@100": 0.01073,
        "P@1000": 0.00111
    },
    "mrr": {
        "MRR@1": 0.55667,
        "MRR@3": 0.61889,
        "MRR@5": 0.63322,
        "MRR@10": 0.64144,
        "MRR@100": 0.64694,
        "MRR@1000": 0.64709
    },
    "hole": {
        "Hole@1": 0.40667,
        "Hole@3": 0.71889,
        "Hole@5": 0.79733,
        "Hole@10": 0.859,
        "Hole@100": 0.92607,
        "Hole@1000": 0.93914
    }
}