{
    "nDCG": {
        "NDCG@1": 0.12663,
        "NDCG@3": 0.15212,
        "NDCG@5": 0.16433,
        "NDCG@10": 0.17983,
        "NDCG@100": 0.22524,
        "NDCG@1000": 0.25593
    },
    "MAP": {
        "MAP@1": 0.10493,
        "MAP@3": 0.1347,
        "MAP@5": 0.14245,
        "MAP@10": 0.14921,
        "MAP@100": 0.15772,
        "MAP@1000": 0.15887
    },
    "Recall": {
        "R_cap@1": 0.12663,
        "R_cap@3": 0.17298,
        "R_cap@5": 0.20284,
        "R_cap@10": 0.24782,
        "R_cap@100": 0.45803,
        "R_cap@1000": 0.68245
    },
    "Precision": {
        "P@1": 0.12663,
        "P@3": 0.07123,
        "P@5": 0.05162,
        "P@10": 0.03252,
        "P@100": 0.00657,
        "P@1000": 0.00107
    },
    "mrr": {
        "MRR@1": 0.12663,
        "MRR@3": 0.15944,
        "MRR@5": 0.16804,
        "MRR@10": 0.17571,
        "MRR@100": 0.18385,
        "MRR@1000": 0.18471
    },
    "hole": {
        "Hole@1": 0.7746,
        "Hole@3": 0.83276,
        "Hole@5": 0.85072,
        "Hole@10": 0.87402,
        "Hole@100": 0.90737,
        "Hole@1000": 0.92115
    }
}