{
    "nDCG": {
        "NDCG@1": 0.26506,
        "NDCG@3": 0.23001,
        "NDCG@5": 0.21227,
        "NDCG@10": 0.18467,
        "NDCG@100": 0.1485,
        "NDCG@1000": 0.21051
    },
    "MAP": {
        "MAP@1": 0.01007,
        "MAP@3": 0.02046,
        "MAP@5": 0.02641,
        "MAP@10": 0.03288,
        "MAP@100": 0.04906,
        "MAP@1000": 0.0567
    },
    "Recall": {
        "R_cap@1": 0.28112,
        "R_cap@3": 0.23695,
        "R_cap@5": 0.21285,
        "R_cap@10": 0.1714,
        "R_cap@100": 0.14384,
        "R_cap@1000": 0.30153
    },
    "Precision": {
        "P@1": 0.28112,
        "P@3": 0.23695,
        "P@5": 0.21285,
        "P@10": 0.16787,
        "P@100": 0.06185,
        "P@1000": 0.01672
    },
    "mrr": {
        "MRR@1": 0.28112,
        "MRR@3": 0.34739,
        "MRR@5": 0.36707,
        "MRR@10": 0.37855,
        "MRR@100": 0.38921,
        "MRR@1000": 0.3897
    },
    "hole": {
        "Hole@1": 0.14458,
        "Hole@3": 0.18608,
        "Hole@5": 0.2008,
        "Hole@10": 0.23253,
        "Hole@100": 0.39578,
        "Hole@1000": 0.52589
    }
}