{
    "nDCG": {
        "NDCG@1": 0.42544,
        "NDCG@3": 0.44462,
        "NDCG@5": 0.45191,
        "NDCG@10": 0.4299,
        "NDCG@100": 0.45406,
        "NDCG@1000": 0.56299
    },
    "MAP": {
        "MAP@1": 0.01954,
        "MAP@3": 0.05113,
        "MAP@5": 0.07807,
        "MAP@10": 0.12291,
        "MAP@100": 0.25635,
        "MAP@1000": 0.29184
    },
    "Recall": {
        "R_cap@1": 0.5614,
        "R_cap@3": 0.61404,
        "R_cap@5": 0.58596,
        "R_cap@10": 0.50986,
        "R_cap@100": 0.50078,
        "R_cap@1000": 0.77503
    },
    "Precision": {
        "P@1": 0.5614,
        "P@3": 0.60819,
        "P@5": 0.58596,
        "P@10": 0.49825,
        "P@100": 0.19632,
        "P@1000": 0.03772
    },
    "mrr": {
        "MRR@1": 0.5614,
        "MRR@3": 0.69298,
        "MRR@5": 0.70175,
        "MRR@10": 0.7076,
        "MRR@100": 0.71129,
        "MRR@1000": 0.71139
    },
    "hole": {
        "Hole@1": 0.12281,
        "Hole@3": 0.11111,
        "Hole@5": 0.14386,
        "Hole@10": 0.22105,
        "Hole@100": 0.53158,
        "Hole@1000": 0.82984
    }
}