{
    "nDCG": {
        "NDCG@1": 0.342,
        "NDCG@3": 0.32418,
        "NDCG@5": 0.31727,
        "NDCG@10": 0.31958,
        "NDCG@100": 0.37388,
        "NDCG@1000": 0.40854
    },
    "MAP": {
        "MAP@1": 0.16092,
        "MAP@3": 0.21338,
        "MAP@5": 0.22739,
        "MAP@10": 0.24287,
        "MAP@100": 0.26282,
        "MAP@1000": 0.26522
    },
    "Recall": {
        "R_cap@1": 0.342,
        "R_cap@3": 0.33267,
        "R_cap@5": 0.33167,
        "R_cap@10": 0.35092,
        "R_cap@100": 0.52329,
        "R_cap@1000": 0.69305
    },
    "Precision": {
        "P@1": 0.342,
        "P@3": 0.21467,
        "P@5": 0.1632,
        "P@10": 0.1124,
        "P@100": 0.0217,
        "P@1000": 0.00314
    },
    "mrr": {
        "MRR@1": 0.342,
        "MRR@3": 0.40533,
        "MRR@5": 0.41813,
        "MRR@10": 0.42705,
        "MRR@100": 0.43383,
        "MRR@1000": 0.43431
    },
    "hole": {
        "Hole@1": 0.642,
        "Hole@3": 0.76467,
        "Hole@5": 0.8192,
        "Hole@10": 0.8726,
        "Hole@100": 0.9731,
        "Hole@1000": 0.99486
    }
}