{
    "nDCG": {
        "NDCG@1": 0.31173,
        "NDCG@3": 0.29022,
        "NDCG@5": 0.30297,
        "NDCG@10": 0.32887,
        "NDCG@100": 0.39762,
        "NDCG@1000": 0.43293
    },
    "MAP": {
        "MAP@1": 0.1495,
        "MAP@3": 0.2204,
        "MAP@5": 0.23919,
        "MAP@10": 0.25567,
        "MAP@100": 0.2737,
        "MAP@1000": 0.27556
    },
    "Recall": {
        "R_cap@1": 0.31173,
        "R_cap@3": 0.30015,
        "R_cap@5": 0.3348,
        "R_cap@10": 0.39971,
        "R_cap@100": 0.6558,
        "R_cap@1000": 0.86941
    },
    "Precision": {
        "P@1": 0.31173,
        "P@3": 0.1929,
        "P@5": 0.1429,
        "P@10": 0.0929,
        "P@100": 0.0162,
        "P@1000": 0.00226
    },
    "mrr": {
        "MRR@1": 0.31173,
        "MRR@3": 0.37269,
        "MRR@5": 0.38727,
        "MRR@10": 0.39979,
        "MRR@100": 0.40909,
        "MRR@1000": 0.40958
    },
    "hole": {
        "Hole@1": 0.64198,
        "Hole@3": 0.75154,
        "Hole@5": 0.80062,
        "Hole@10": 0.84861,
        "Hole@100": 0.92369,
        "Hole@1000": 0.93791
    }
}