{
    "nDCG": {
        "NDCG@1": 0.2697,
        "NDCG@3": 0.36327,
        "NDCG@5": 0.40744,
        "NDCG@10": 0.44902,
        "NDCG@100": 0.50375,
        "NDCG@1000": 0.51408
    },
    "MAP": {
        "MAP@1": 0.23643,
        "MAP@3": 0.32846,
        "MAP@5": 0.35425,
        "MAP@10": 0.37269,
        "MAP@100": 0.38538,
        "MAP@1000": 0.38583
    },
    "Recall": {
        "R_cap@1": 0.2697,
        "R_cap@3": 0.43361,
        "R_cap@5": 0.53662,
        "R_cap@10": 0.65843,
        "R_cap@100": 0.89883,
        "R_cap@1000": 0.97538
    },
    "Precision": {
        "P@1": 0.2697,
        "P@3": 0.16879,
        "P@5": 0.12596,
        "P@10": 0.07824,
        "P@100": 0.01087,
        "P@1000": 0.00119
    },
    "mrr": {
        "MRR@1": 0.2697,
        "MRR@3": 0.35926,
        "MRR@5": 0.38265,
        "MRR@10": 0.39861,
        "MRR@100": 0.40835,
        "MRR@1000": 0.40867
    },
    "hole": {
        "Hole@1": 0.72567,
        "Hole@3": 0.82773,
        "Hole@5": 0.87039,
        "Hole@10": 0.91727,
        "Hole@100": 0.98512,
        "Hole@1000": 0.99531
    }
}