{
    "nDCG": {
        "NDCG@1": 0.5381,
        "NDCG@3": 0.63996,
        "NDCG@5": 0.66678,
        "NDCG@10": 0.68704,
        "NDCG@100": 0.70713,
        "NDCG@1000": 0.7116
    },
    "MAP": {
        "MAP@1": 0.50194,
        "MAP@3": 0.60021,
        "MAP@5": 0.61591,
        "MAP@10": 0.62478,
        "MAP@100": 0.62917,
        "MAP@1000": 0.62938
    },
    "Recall": {
        "R_cap@1": 0.5381,
        "R_cap@3": 0.71687,
        "R_cap@5": 0.78073,
        "R_cap@10": 0.84134,
        "R_cap@100": 0.9308,
        "R_cap@1000": 0.96209
    },
    "Precision": {
        "P@1": 0.5381,
        "P@3": 0.25813,
        "P@5": 0.16979,
        "P@10": 0.09199,
        "P@100": 0.01036,
        "P@1000": 0.00109
    },
    "mrr": {
        "MRR@1": 0.5381,
        "MRR@3": 0.63931,
        "MRR@5": 0.65464,
        "MRR@10": 0.66286,
        "MRR@100": 0.66655,
        "MRR@1000": 0.66665
    },
    "hole": {
        "Hole@1": 0.43144,
        "Hole@3": 0.71117,
        "Hole@5": 0.80411,
        "Hole@10": 0.88824,
        "Hole@100": 0.98349,
        "Hole@1000": 0.9957
    }
}