{
    "nDCG": {
        "NDCG@1": 0.15497,
        "NDCG@3": 0.11158,
        "NDCG@5": 0.09541,
        "NDCG@10": 0.08546,
        "NDCG@100": 0.10282,
        "NDCG@1000": 0.15054
    },
    "MAP": {
        "MAP@1": 0.0088,
        "MAP@3": 0.011,
        "MAP@5": 0.01257,
        "MAP@10": 0.01602,
        "MAP@100": 0.03254,
        "MAP@1000": 0.03931
    },
    "Recall": {
        "R_cap@1": 0.22807,
        "R_cap@3": 0.14035,
        "R_cap@5": 0.11228,
        "R_cap@10": 0.08816,
        "R_cap@100": 0.11573,
        "R_cap@1000": 0.25098
    },
    "Precision": {
        "P@1": 0.22807,
        "P@3": 0.14035,
        "P@5": 0.11228,
        "P@10": 0.08772,
        "P@100": 0.04614,
        "P@1000": 0.01132
    },
    "mrr": {
        "MRR@1": 0.22807,
        "MRR@3": 0.24854,
        "MRR@5": 0.25731,
        "MRR@10": 0.26321,
        "MRR@100": 0.27387,
        "MRR@1000": 0.27469
    },
    "hole": {
        "Hole@1": 0.66667,
        "Hole@3": 0.76608,
        "Hole@5": 0.79298,
        "Hole@10": 0.81754,
        "Hole@100": 0.87947,
        "Hole@1000": 0.95896
    }
}