{
    "nDCG": {
        "NDCG@1": 0.29171,
        "NDCG@3": 0.39456,
        "NDCG@5": 0.43728,
        "NDCG@10": 0.47555,
        "NDCG@100": 0.52465,
        "NDCG@1000": 0.53299
    },
    "MAP": {
        "MAP@1": 0.2578,
        "MAP@3": 0.35791,
        "MAP@5": 0.38325,
        "MAP@10": 0.40031,
        "MAP@100": 0.41177,
        "MAP@1000": 0.41215
    },
    "Recall": {
        "R_cap@1": 0.292,
        "R_cap@3": 0.46997,
        "R_cap@5": 0.56866,
        "R_cap@10": 0.68089,
        "R_cap@100": 0.89513,
        "R_cap@1000": 0.95561
    },
    "Precision": {
        "P@1": 0.29171,
        "P@3": 0.1825,
        "P@5": 0.1336,
        "P@10": 0.08062,
        "P@100": 0.01082,
        "P@1000": 0.00116
    },
    "mrr": {
        "MRR@1": 0.292,
        "MRR@3": 0.38862,
        "MRR@5": 0.41104,
        "MRR@10": 0.42564,
        "MRR@100": 0.43448,
        "MRR@1000": 0.43476
    },
    "hole": {
        "Hole@1": 0.70539,
        "Hole@3": 0.81334,
        "Hole@5": 0.8617,
        "Hole@10": 0.91469,
        "Hole@100": 0.9847,
        "Hole@1000": 0.99529
    }
}