{
    "nDCG": {
        "NDCG@1": 0.36814,
        "NDCG@3": 0.47143,
        "NDCG@5": 0.50359,
        "NDCG@10": 0.53537,
        "NDCG@100": 0.57285,
        "NDCG@1000": 0.57865
    },
    "MAP": {
        "MAP@1": 0.34261,
        "MAP@3": 0.43435,
        "MAP@5": 0.45262,
        "MAP@10": 0.46601,
        "MAP@100": 0.47401,
        "MAP@1000": 0.47427
    },
    "Recall": {
        "R_cap@1": 0.36814,
        "R_cap@3": 0.54888,
        "R_cap@5": 0.62618,
        "R_cap@10": 0.72164,
        "R_cap@100": 0.89032,
        "R_cap@1000": 0.93187
    },
    "Precision": {
        "P@1": 0.36814,
        "P@3": 0.19792,
        "P@5": 0.13588,
        "P@10": 0.07871,
        "P@100": 0.00986,
        "P@1000": 0.00104
    },
    "mrr": {
        "MRR@1": 0.36814,
        "MRR@3": 0.46475,
        "MRR@5": 0.48334,
        "MRR@10": 0.49694,
        "MRR@100": 0.50442,
        "MRR@1000": 0.50462
    },
    "hole": {
        "Hole@1": 0.60441,
        "Hole@3": 0.78133,
        "Hole@5": 0.84659,
        "Hole@10": 0.90864,
        "Hole@100": 0.98606,
        "Hole@1000": 0.9976
    }
}