{
    "nDCG": {
        "NDCG@1": 0.13433,
        "NDCG@3": 0.16006,
        "NDCG@5": 0.17692,
        "NDCG@10": 0.1979,
        "NDCG@100": 0.2504,
        "NDCG@1000": 0.28291
    },
    "MAP": {
        "MAP@1": 0.11381,
        "MAP@3": 0.14397,
        "MAP@5": 0.15404,
        "MAP@10": 0.16315,
        "MAP@100": 0.17304,
        "MAP@1000": 0.17426
    },
    "Recall": {
        "R_cap@1": 0.13433,
        "R_cap@3": 0.18081,
        "R_cap@5": 0.2194,
        "R_cap@10": 0.28125,
        "R_cap@100": 0.52035,
        "R_cap@1000": 0.75609
    },
    "Precision": {
        "P@1": 0.13433,
        "P@3": 0.07307,
        "P@5": 0.05504,
        "P@10": 0.03535,
        "P@100": 0.00701,
        "P@1000": 0.00112
    },
    "mrr": {
        "MRR@1": 0.13433,
        "MRR@3": 0.16915,
        "MRR@5": 0.17928,
        "MRR@10": 0.18794,
        "MRR@100": 0.19802,
        "MRR@1000": 0.19889
    },
    "hole": {
        "Hole@1": 0.78078,
        "Hole@3": 0.84453,
        "Hole@5": 0.86343,
        "Hole@10": 0.88713,
        "Hole@100": 0.92358,
        "Hole@1000": 0.9414
    }
}