{
    "nDCG": {
        "NDCG@1": 0.18757,
        "NDCG@3": 0.2325,
        "NDCG@5": 0.25058,
        "NDCG@10": 0.2722,
        "NDCG@100": 0.31989,
        "NDCG@1000": 0.34209
    },
    "MAP": {
        "MAP@1": 0.17374,
        "MAP@3": 0.21535,
        "MAP@5": 0.22597,
        "MAP@10": 0.23493,
        "MAP@100": 0.24448,
        "MAP@1000": 0.2453
    },
    "Recall": {
        "R_cap@1": 0.18757,
        "R_cap@3": 0.26629,
        "R_cap@5": 0.30938,
        "R_cap@10": 0.37476,
        "R_cap@100": 0.59454,
        "R_cap@1000": 0.76376
    },
    "Precision": {
        "P@1": 0.18757,
        "P@3": 0.09755,
        "P@5": 0.06893,
        "P@10": 0.0426,
        "P@100": 0.00689,
        "P@1000": 0.00091
    },
    "mrr": {
        "MRR@1": 0.18757,
        "MRR@3": 0.22957,
        "MRR@5": 0.24024,
        "MRR@10": 0.24961,
        "MRR@100": 0.25886,
        "MRR@1000": 0.25956
    },
    "hole": {
        "Hole@1": 0.7774,
        "Hole@3": 0.86554,
        "Hole@5": 0.89446,
        "Hole@10": 0.91898,
        "Hole@100": 0.9568,
        "Hole@1000": 0.96739
    }
}