{
    "nDCG": {
        "NDCG@1": 0.48625,
        "NDCG@3": 0.40917,
        "NDCG@5": 0.38667,
        "NDCG@10": 0.36954,
        "NDCG@100": 0.40789,
        "NDCG@1000": 0.46772
    },
    "MAP": {
        "MAP@1": 0.08099,
        "MAP@3": 0.12318,
        "MAP@5": 0.14118,
        "MAP@10": 0.16776,
        "MAP@100": 0.23681,
        "MAP@1000": 0.25045
    },
    "Recall": {
        "R_cap@1": 0.5875,
        "R_cap@3": 0.4575,
        "R_cap@5": 0.41346,
        "R_cap@10": 0.37167,
        "R_cap@100": 0.46544,
        "R_cap@1000": 0.64753
    },
    "Precision": {
        "P@1": 0.5875,
        "P@3": 0.43667,
        "P@5": 0.3725,
        "P@10": 0.294,
        "P@100": 0.0947,
        "P@1000": 0.01786
    },
    "mrr": {
        "MRR@1": 0.5875,
        "MRR@3": 0.65667,
        "MRR@5": 0.66817,
        "MRR@10": 0.67779,
        "MRR@100": 0.68135,
        "MRR@1000": 0.68144
    },
    "hole": {
        "Hole@1": 0.255,
        "Hole@3": 0.38333,
        "Hole@5": 0.4405,
        "Hole@10": 0.52125,
        "Hole@100": 0.79805,
        "Hole@1000": 0.94212
    }
}