{
    "nDCG": {
        "NDCG@1": 0.68791,
        "NDCG@3": 0.54152,
        "NDCG@5": 0.56817,
        "NDCG@10": 0.59155,
        "NDCG@100": 0.62629,
        "NDCG@1000": 0.64174
    },
    "MAP": {
        "MAP@1": 0.34396,
        "MAP@3": 0.46214,
        "MAP@5": 0.4821,
        "MAP@10": 0.49534,
        "MAP@100": 0.50487,
        "MAP@1000": 0.50566
    },
    "Recall": {
        "R_cap@1": 0.68791,
        "R_cap@3": 0.50878,
        "R_cap@5": 0.56144,
        "R_cap@10": 0.61999,
        "R_cap@100": 0.75645,
        "R_cap@1000": 0.85888
    },
    "Precision": {
        "P@1": 0.68791,
        "P@3": 0.33919,
        "P@5": 0.22458,
        "P@10": 0.124,
        "P@100": 0.01513,
        "P@1000": 0.00172
    },
    "mrr": {
        "MRR@1": 0.68791,
        "MRR@3": 0.74882,
        "MRR@5": 0.75723,
        "MRR@10": 0.76254,
        "MRR@100": 0.76542,
        "MRR@1000": 0.76553
    },
    "hole": {
        "Hole@1": 0.30371,
        "Hole@3": 0.64623,
        "Hole@5": 0.75946,
        "Hole@10": 0.85957,
        "Hole@100": 0.97091,
        "Hole@1000": 0.98743
    }
}