{
    "nDCG": {
        "NDCG@1": 0.16678,
        "NDCG@3": 0.15572,
        "NDCG@5": 0.16948,
        "NDCG@10": 0.19695,
        "NDCG@100": 0.26792,
        "NDCG@1000": 0.308
    },
    "MAP": {
        "MAP@1": 0.0749,
        "MAP@3": 0.11302,
        "MAP@5": 0.12309,
        "MAP@10": 0.13478,
        "MAP@100": 0.1499,
        "MAP@1000": 0.15191
    },
    "Recall": {
        "R_cap@1": 0.16678,
        "R_cap@3": 0.15863,
        "R_cap@5": 0.18679,
        "R_cap@10": 0.24886,
        "R_cap@100": 0.49996,
        "R_cap@1000": 0.72749
    },
    "Precision": {
        "P@1": 0.16678,
        "P@3": 0.11401,
        "P@5": 0.08808,
        "P@10": 0.06202,
        "P@100": 0.01382,
        "P@1000": 0.00212
    },
    "mrr": {
        "MRR@1": 0.16678,
        "MRR@3": 0.23257,
        "MRR@5": 0.24879,
        "MRR@10": 0.26247,
        "MRR@100": 0.27541,
        "MRR@1000": 0.27602
    },
    "hole": {
        "Hole@1": 0.56808,
        "Hole@3": 0.64126,
        "Hole@5": 0.67739,
        "Hole@10": 0.72358,
        "Hole@100": 0.83279,
        "Hole@1000": 0.92588
    }
}