{
    "nDCG": {
        "NDCG@1": 0.61446,
        "NDCG@3": 0.55428,
        "NDCG@5": 0.51724,
        "NDCG@10": 0.4759,
        "NDCG@100": 0.41561,
        "NDCG@1000": 0.51703
    },
    "MAP": {
        "MAP@1": 0.02545,
        "MAP@3": 0.05903,
        "MAP@5": 0.08294,
        "MAP@10": 0.1163,
        "MAP@100": 0.20794,
        "MAP@1000": 0.23906
    },
    "Recall": {
        "R_cap@1": 0.67068,
        "R_cap@3": 0.57831,
        "R_cap@5": 0.5247,
        "R_cap@10": 0.46095,
        "R_cap@100": 0.42173,
        "R_cap@1000": 0.65752
    },
    "Precision": {
        "P@1": 0.67068,
        "P@3": 0.57831,
        "P@5": 0.52369,
        "P@10": 0.44538,
        "P@100": 0.17867,
        "P@1000": 0.03868
    },
    "mrr": {
        "MRR@1": 0.67068,
        "MRR@3": 0.73762,
        "MRR@5": 0.74766,
        "MRR@10": 0.75477,
        "MRR@100": 0.75822,
        "MRR@1000": 0.75831
    },
    "hole": {
        "Hole@1": 0.01205,
        "Hole@3": 0.02811,
        "Hole@5": 0.03133,
        "Hole@10": 0.03855,
        "Hole@100": 0.14205,
        "Hole@1000": 0.32696
    }
}