{
    "nDCG": {
        "NDCG@1": 0.25571,
        "NDCG@3": 0.29472,
        "NDCG@5": 0.31308,
        "NDCG@10": 0.34396,
        "NDCG@100": 0.39889,
        "NDCG@1000": 0.42508
    },
    "MAP": {
        "MAP@1": 0.20194,
        "MAP@3": 0.26162,
        "MAP@5": 0.27465,
        "MAP@10": 0.28878,
        "MAP@100": 0.30119,
        "MAP@1000": 0.30238
    },
    "Recall": {
        "R_cap@1": 0.25571,
        "R_cap@3": 0.32877,
        "R_cap@5": 0.37403,
        "R_cap@10": 0.46154,
        "R_cap@100": 0.69635,
        "R_cap@1000": 0.87814
    },
    "Precision": {
        "P@1": 0.25571,
        "P@3": 0.14346,
        "P@5": 0.10046,
        "P@10": 0.06473,
        "P@100": 0.0109,
        "P@1000": 0.00149
    },
    "mrr": {
        "MRR@1": 0.25571,
        "MRR@3": 0.31393,
        "MRR@5": 0.32608,
        "MRR@10": 0.33994,
        "MRR@100": 0.34878,
        "MRR@1000": 0.34942
    },
    "hole": {
        "Hole@1": 0.66438,
        "Hole@3": 0.76142,
        "Hole@5": 0.79977,
        "Hole@10": 0.83402,
        "Hole@100": 0.89788,
        "Hole@1000": 0.91944
    }
}