{
    "nDCG": {
        "NDCG@1": 0.06122,
        "NDCG@3": 0.07591,
        "NDCG@5": 0.0746,
        "NDCG@10": 0.07245,
        "NDCG@100": 0.1294,
        "NDCG@1000": 0.23976
    },
    "MAP": {
        "MAP@1": 0.00518,
        "MAP@3": 0.01168,
        "MAP@5": 0.01825,
        "MAP@10": 0.02336,
        "MAP@100": 0.03804,
        "MAP@1000": 0.04668
    },
    "Recall": {
        "R_cap@1": 0.08163,
        "R_cap@3": 0.09524,
        "R_cap@5": 0.0898,
        "R_cap@10": 0.07972,
        "R_cap@100": 0.20563,
        "R_cap@1000": 0.55383
    },
    "Precision": {
        "P@1": 0.08163,
        "P@3": 0.09524,
        "P@5": 0.0898,
        "P@10": 0.07143,
        "P@100": 0.03143,
        "P@1000": 0.01027
    },
    "mrr": {
        "MRR@1": 0.08163,
        "MRR@3": 0.15306,
        "MRR@5": 0.16531,
        "MRR@10": 0.1767,
        "MRR@100": 0.19756,
        "MRR@1000": 0.19783
    },
    "hole": {
        "Hole@1": 0.81633,
        "Hole@3": 0.81633,
        "Hole@5": 0.84082,
        "Hole@10": 0.8551,
        "Hole@100": 0.93224,
        "Hole@1000": 0.96978
    }
}