{
    "nDCG": {
        "NDCG@1": 0.39875,
        "NDCG@3": 0.46167,
        "NDCG@5": 0.4908,
        "NDCG@10": 0.51651,
        "NDCG@100": 0.55979,
        "NDCG@1000": 0.57402
    },
    "MAP": {
        "MAP@1": 0.35007,
        "MAP@3": 0.42962,
        "MAP@5": 0.44907,
        "MAP@10": 0.46143,
        "MAP@100": 0.47158,
        "MAP@1000": 0.47224
    },
    "Recall": {
        "R_cap@1": 0.39875,
        "R_cap@3": 0.50951,
        "R_cap@5": 0.57662,
        "R_cap@10": 0.65023,
        "R_cap@100": 0.84085,
        "R_cap@1000": 0.94206
    },
    "Precision": {
        "P@1": 0.39875,
        "P@3": 0.20502,
        "P@5": 0.14382,
        "P@10": 0.08351,
        "P@100": 0.01139,
        "P@1000": 0.00132
    },
    "mrr": {
        "MRR@1": 0.39875,
        "MRR@3": 0.46573,
        "MRR@5": 0.48143,
        "MRR@10": 0.4918,
        "MRR@100": 0.4989,
        "MRR@1000": 0.49931
    },
    "hole": {
        "Hole@1": 0.54107,
        "Hole@3": 0.7187,
        "Hole@5": 0.77404,
        "Hole@10": 0.83179,
        "Hole@100": 0.91238,
        "Hole@1000": 0.93456
    }
}