{
    "nDCG": {
        "NDCG@1": 0.22032,
        "NDCG@3": 0.26683,
        "NDCG@5": 0.29229,
        "NDCG@10": 0.31434,
        "NDCG@100": 0.37352,
        "NDCG@1000": 0.40002
    },
    "MAP": {
        "MAP@1": 0.18226,
        "MAP@3": 0.23622,
        "MAP@5": 0.25276,
        "MAP@10": 0.26295,
        "MAP@100": 0.27613,
        "MAP@1000": 0.27732
    },
    "Recall": {
        "R_cap@1": 0.22032,
        "R_cap@3": 0.30365,
        "R_cap@5": 0.36237,
        "R_cap@10": 0.42506,
        "R_cap@100": 0.68236,
        "R_cap@1000": 0.86616
    },
    "Precision": {
        "P@1": 0.22032,
        "P@3": 0.12861,
        "P@5": 0.09703,
        "P@10": 0.0597,
        "P@100": 0.01046,
        "P@1000": 0.00144
    },
    "mrr": {
        "MRR@1": 0.22032,
        "MRR@3": 0.27759,
        "MRR@5": 0.29482,
        "MRR@10": 0.30455,
        "MRR@100": 0.3148,
        "MRR@1000": 0.31542
    },
    "hole": {
        "Hole@1": 0.69977,
        "Hole@3": 0.78158,
        "Hole@5": 0.821,
        "Hole@10": 0.85479,
        "Hole@100": 0.90829,
        "Hole@1000": 0.92532
    }
}