{
    "nDCG": {
        "NDCG@1": 0.22086,
        "NDCG@3": 0.23998,
        "NDCG@5": 0.25715,
        "NDCG@10": 0.2751,
        "NDCG@100": 0.31629,
        "NDCG@1000": 0.33791
    },
    "MAP": {
        "MAP@1": 0.19645,
        "MAP@3": 0.2235,
        "MAP@5": 0.2338,
        "MAP@10": 0.24163,
        "MAP@100": 0.2497,
        "MAP@1000": 0.25046
    },
    "Recall": {
        "R_cap@1": 0.22086,
        "R_cap@3": 0.26074,
        "R_cap@5": 0.30077,
        "R_cap@10": 0.35316,
        "R_cap@100": 0.5428,
        "R_cap@1000": 0.70516
    },
    "Precision": {
        "P@1": 0.22086,
        "P@3": 0.09867,
        "P@5": 0.07086,
        "P@10": 0.04248,
        "P@100": 0.00681,
        "P@1000": 0.00093
    },
    "mrr": {
        "MRR@1": 0.22086,
        "MRR@3": 0.24847,
        "MRR@5": 0.25974,
        "MRR@10": 0.26824,
        "MRR@100": 0.27539,
        "MRR@1000": 0.27599
    },
    "hole": {
        "Hole@1": 0.73773,
        "Hole@3": 0.86196,
        "Hole@5": 0.88865,
        "Hole@10": 0.91779,
        "Hole@100": 0.96546,
        "Hole@1000": 0.97792
    }
}