{
    "nDCG": {
        "NDCG@1": 0.34188,
        "NDCG@3": 0.42496,
        "NDCG@5": 0.45063,
        "NDCG@10": 0.47657,
        "NDCG@100": 0.51654,
        "NDCG@1000": 0.52954
    },
    "MAP": {
        "MAP@1": 0.31843,
        "MAP@3": 0.39402,
        "MAP@5": 0.40869,
        "MAP@10": 0.41961,
        "MAP@100": 0.42793,
        "MAP@1000": 0.42844
    },
    "Recall": {
        "R_cap@1": 0.34188,
        "R_cap@3": 0.48812,
        "R_cap@5": 0.54942,
        "R_cap@10": 0.62732,
        "R_cap@100": 0.80909,
        "R_cap@1000": 0.90677
    },
    "Precision": {
        "P@1": 0.34188,
        "P@3": 0.17562,
        "P@5": 0.11908,
        "P@10": 0.06841,
        "P@100": 0.00896,
        "P@1000": 0.00102
    },
    "mrr": {
        "MRR@1": 0.34188,
        "MRR@3": 0.42144,
        "MRR@5": 0.43605,
        "MRR@10": 0.44709,
        "MRR@100": 0.45505,
        "MRR@1000": 0.45546
    },
    "hole": {
        "Hole@1": 0.63621,
        "Hole@3": 0.80523,
        "Hole@5": 0.86445,
        "Hole@10": 0.91905,
        "Hole@100": 0.98627,
        "Hole@1000": 0.99708
    }
}