{
    "nDCG": {
        "NDCG@1": 0.7483,
        "NDCG@3": 0.79965,
        "NDCG@5": 0.81865,
        "NDCG@10": 0.83622,
        "NDCG@100": 0.8527,
        "NDCG@1000": 0.85473
    },
    "MAP": {
        "MAP@1": 0.64995,
        "MAP@3": 0.75854,
        "MAP@5": 0.77761,
        "MAP@10": 0.79019,
        "MAP@100": 0.79713,
        "MAP@1000": 0.79738
    },
    "Recall": {
        "R_cap@1": 0.7481,
        "R_cap@3": 0.84167,
        "R_cap@5": 0.88467,
        "R_cap@10": 0.93164,
        "R_cap@100": 0.98924,
        "R_cap@1000": 0.99902
    },
    "Precision": {
        "P@1": 0.7483,
        "P@3": 0.35007,
        "P@5": 0.2319,
        "P@10": 0.12838,
        "P@100": 0.01498,
        "P@1000": 0.00156
    },
    "mrr": {
        "MRR@1": 0.7481,
        "MRR@3": 0.81085,
        "MRR@5": 0.81979,
        "MRR@10": 0.82459,
        "MRR@100": 0.82627,
        "MRR@1000": 0.82629
    },
    "hole": {
        "Hole@1": 0.2342,
        "Hole@3": 0.6139,
        "Hole@5": 0.72738,
        "Hole@10": 0.82639,
        "Hole@100": 0.9401,
        "Hole@1000": 0.95817
    }
}