{
    "nDCG": {
        "NDCG@1": 0.19641,
        "NDCG@3": 0.27132,
        "NDCG@5": 0.30675,
        "NDCG@10": 0.34457,
        "NDCG@100": 0.40479,
        "NDCG@1000": 0.42318
    },
    "MAP": {
        "MAP@1": 0.1714,
        "MAP@3": 0.2429,
        "MAP@5": 0.26343,
        "MAP@10": 0.28016,
        "MAP@100": 0.29312,
        "MAP@1000": 0.29386
    },
    "Recall": {
        "R_cap@1": 0.19641,
        "R_cap@3": 0.32744,
        "R_cap@5": 0.4093,
        "R_cap@10": 0.52079,
        "R_cap@100": 0.79082,
        "R_cap@1000": 0.9305
    },
    "Precision": {
        "P@1": 0.19641,
        "P@3": 0.12766,
        "P@5": 0.09652,
        "P@10": 0.06179,
        "P@100": 0.00961,
        "P@1000": 0.00113
    },
    "mrr": {
        "MRR@1": 0.19641,
        "MRR@3": 0.2696,
        "MRR@5": 0.28895,
        "MRR@10": 0.30349,
        "MRR@100": 0.31453,
        "MRR@1000": 0.31511
    },
    "hole": {
        "Hole@1": 0.79954,
        "Hole@3": 0.86771,
        "Hole@5": 0.8989,
        "Hole@10": 0.93302,
        "Hole@100": 0.98609,
        "Hole@1000": 0.99543
    }
}