{
    "nDCG": {
        "NDCG@1": 0.31019,
        "NDCG@3": 0.29058,
        "NDCG@5": 0.30425,
        "NDCG@10": 0.32902,
        "NDCG@100": 0.3969,
        "NDCG@1000": 0.4325
    },
    "MAP": {
        "MAP@1": 0.14757,
        "MAP@3": 0.22019,
        "MAP@5": 0.23928,
        "MAP@10": 0.25534,
        "MAP@100": 0.27315,
        "MAP@1000": 0.27503
    },
    "Recall": {
        "R_cap@1": 0.31019,
        "R_cap@3": 0.30195,
        "R_cap@5": 0.33791,
        "R_cap@10": 0.40126,
        "R_cap@100": 0.65348,
        "R_cap@1000": 0.86874
    },
    "Precision": {
        "P@1": 0.31019,
        "P@3": 0.19342,
        "P@5": 0.14506,
        "P@10": 0.09321,
        "P@100": 0.01617,
        "P@1000": 0.00226
    },
    "mrr": {
        "MRR@1": 0.31019,
        "MRR@3": 0.37294,
        "MRR@5": 0.38853,
        "MRR@10": 0.39993,
        "MRR@100": 0.40902,
        "MRR@1000": 0.40951
    },
    "hole": {
        "Hole@1": 0.64352,
        "Hole@3": 0.75,
        "Hole@5": 0.79969,
        "Hole@10": 0.84815,
        "Hole@100": 0.92364,
        "Hole@1000": 0.93792
    }
}