{
    "nDCG": {
        "NDCG@1": 0.39628,
        "NDCG@3": 0.365,
        "NDCG@5": 0.3395,
        "NDCG@10": 0.31426,
        "NDCG@100": 0.28996,
        "NDCG@1000": 0.37817
    },
    "MAP": {
        "MAP@1": 0.05292,
        "MAP@3": 0.08957,
        "MAP@5": 0.10049,
        "MAP@10": 0.11666,
        "MAP@100": 0.14674,
        "MAP@1000": 0.16071
    },
    "Recall": {
        "R_cap@1": 0.41796,
        "R_cap@3": 0.36275,
        "R_cap@5": 0.32724,
        "R_cap@10": 0.29312,
        "R_cap@100": 0.29974,
        "R_cap@1000": 0.59787
    },
    "Precision": {
        "P@1": 0.41176,
        "P@3": 0.34159,
        "P@5": 0.29102,
        "P@10": 0.23282,
        "P@100": 0.07582,
        "P@1000": 0.02066
    },
    "mrr": {
        "MRR@1": 0.41796,
        "MRR@3": 0.48349,
        "MRR@5": 0.49154,
        "MRR@10": 0.50191,
        "MRR@100": 0.50889,
        "MRR@1000": 0.50935
    },
    "hole": {
        "Hole@1": 0.0774,
        "Hole@3": 0.0743,
        "Hole@5": 0.08793,
        "Hole@10": 0.10619,
        "Hole@100": 0.12957,
        "Hole@1000": 0.13576
    }
}