{
    "nDCG": {
        "NDCG@1": 0.65,
        "NDCG@3": 0.66592,
        "NDCG@5": 0.64779,
        "NDCG@10": 0.59933,
        "NDCG@100": 0.40047,
        "NDCG@1000": 0.35709
    },
    "MAP": {
        "MAP@1": 0.00175,
        "MAP@3": 0.00505,
        "MAP@5": 0.00797,
        "MAP@10": 0.01365,
        "MAP@100": 0.06085,
        "MAP@1000": 0.14832
    },
    "Recall": {
        "R_cap@1": 0.7,
        "R_cap@3": 0.71333,
        "R_cap@5": 0.688,
        "R_cap@10": 0.628,
        "R_cap@100": 0.4066,
        "R_cap@1000": 0.33643
    },
    "Precision": {
        "P@1": 0.72,
        "P@3": 0.71333,
        "P@5": 0.688,
        "P@10": 0.628,
        "P@100": 0.4066,
        "P@1000": 0.16436
    },
    "mrr": {
        "MRR@1": 0.7,
        "MRR@3": 0.77667,
        "MRR@5": 0.78567,
        "MRR@10": 0.79519,
        "MRR@100": 0.79797,
        "MRR@1000": 0.79797
    },
    "hole": {
        "Hole@1": 0.1,
        "Hole@3": 0.18,
        "Hole@5": 0.204,
        "Hole@10": 0.234,
        "Hole@100": 0.3476,
        "Hole@1000": 0.49918
    }
}