{
    "nDCG": {
        "NDCG@1": 0.22449,
        "NDCG@3": 0.21598,
        "NDCG@5": 0.20528,
        "NDCG@10": 0.20157,
        "NDCG@100": 0.31058,
        "NDCG@1000": 0.44011
    },
    "MAP": {
        "MAP@1": 0.02391,
        "MAP@3": 0.04463,
        "MAP@5": 0.05903,
        "MAP@10": 0.08092,
        "MAP@100": 0.12682,
        "MAP@1000": 0.14341
    },
    "Recall": {
        "R_cap@1": 0.2449,
        "R_cap@3": 0.2381,
        "R_cap@5": 0.21224,
        "R_cap@10": 0.20428,
        "R_cap@100": 0.42401,
        "R_cap@1000": 0.80876
    },
    "Precision": {
        "P@1": 0.2449,
        "P@3": 0.2381,
        "P@5": 0.21224,
        "P@10": 0.18571,
        "P@100": 0.06796,
        "P@1000": 0.01506
    },
    "mrr": {
        "MRR@1": 0.2449,
        "MRR@3": 0.36395,
        "MRR@5": 0.38231,
        "MRR@10": 0.40673,
        "MRR@100": 0.41873,
        "MRR@1000": 0.41887
    },
    "hole": {
        "Hole@1": 0.63265,
        "Hole@3": 0.65986,
        "Hole@5": 0.67347,
        "Hole@10": 0.72245,
        "Hole@100": 0.88918,
        "Hole@1000": 0.96551
    }
}