{
    "nDCG": {
        "NDCG@1": 0.14787,
        "NDCG@3": 0.18529,
        "NDCG@5": 0.20321,
        "NDCG@10": 0.22557,
        "NDCG@100": 0.27114,
        "NDCG@1000": 0.30335
    },
    "MAP": {
        "MAP@1": 0.13623,
        "MAP@3": 0.16977,
        "MAP@5": 0.18032,
        "MAP@10": 0.18937,
        "MAP@100": 0.19845,
        "MAP@1000": 0.19961
    },
    "Recall": {
        "R_cap@1": 0.14787,
        "R_cap@3": 0.21319,
        "R_cap@5": 0.2549,
        "R_cap@10": 0.32298,
        "R_cap@100": 0.53641,
        "R_cap@1000": 0.77973
    },
    "Precision": {
        "P@1": 0.14787,
        "P@3": 0.07948,
        "P@5": 0.05841,
        "P@10": 0.03697,
        "P@100": 0.00634,
        "P@1000": 0.00101
    },
    "mrr": {
        "MRR@1": 0.14787,
        "MRR@3": 0.18577,
        "MRR@5": 0.19649,
        "MRR@10": 0.20612,
        "MRR@100": 0.21431,
        "MRR@1000": 0.2153
    },
    "hole": {
        "Hole@1": 0.83919,
        "Hole@3": 0.90142,
        "Hole@5": 0.92384,
        "Hole@10": 0.94547,
        "Hole@100": 0.97702,
        "Hole@1000": 0.9825
    }
}