{
    "nDCG": {
        "NDCG@1": 0.51,
        "NDCG@3": 0.57824,
        "NDCG@5": 0.60886,
        "NDCG@10": 0.6311,
        "NDCG@100": 0.66703,
        "NDCG@1000": 0.67417
    },
    "MAP": {
        "MAP@1": 0.483,
        "MAP@3": 0.55099,
        "MAP@5": 0.57137,
        "MAP@10": 0.58234,
        "MAP@100": 0.5906,
        "MAP@1000": 0.59085
    },
    "Recall": {
        "R_cap@1": 0.51,
        "R_cap@3": 0.62611,
        "R_cap@5": 0.69861,
        "R_cap@10": 0.76356,
        "R_cap@100": 0.92267,
        "R_cap@1000": 0.98
    },
    "Precision": {
        "P@1": 0.51,
        "P@3": 0.22556,
        "P@5": 0.15467,
        "P@10": 0.086,
        "P@100": 0.01047,
        "P@1000": 0.00111
    },
    "mrr": {
        "MRR@1": 0.51,
        "MRR@3": 0.57722,
        "MRR@5": 0.59256,
        "MRR@10": 0.5999,
        "MRR@100": 0.60691,
        "MRR@1000": 0.60711
    },
    "hole": {
        "Hole@1": 0.46667,
        "Hole@3": 0.72667,
        "Hole@5": 0.798,
        "Hole@10": 0.85533,
        "Hole@100": 0.9271,
        "Hole@1000": 0.94039
    }
}