{
    "nDCG": {
        "NDCG@1": 0.37,
        "NDCG@3": 0.34482,
        "NDCG@5": 0.34241,
        "NDCG@10": 0.34185,
        "NDCG@100": 0.39702,
        "NDCG@1000": 0.43315
    },
    "MAP": {
        "MAP@1": 0.18593,
        "MAP@3": 0.23123,
        "MAP@5": 0.24922,
        "MAP@10": 0.26557,
        "MAP@100": 0.28587,
        "MAP@1000": 0.28842
    },
    "Recall": {
        "R_cap@1": 0.37,
        "R_cap@3": 0.34433,
        "R_cap@5": 0.35177,
        "R_cap@10": 0.36766,
        "R_cap@100": 0.54532,
        "R_cap@1000": 0.72478
    },
    "Precision": {
        "P@1": 0.37,
        "P@3": 0.228,
        "P@5": 0.1784,
        "P@10": 0.1196,
        "P@100": 0.02258,
        "P@1000": 0.00324
    },
    "mrr": {
        "MRR@1": 0.37,
        "MRR@3": 0.42633,
        "MRR@5": 0.43923,
        "MRR@10": 0.44871,
        "MRR@100": 0.45577,
        "MRR@1000": 0.45629
    },
    "hole": {
        "Hole@1": 0.608,
        "Hole@3": 0.74733,
        "Hole@5": 0.7988,
        "Hole@10": 0.8628,
        "Hole@100": 0.97142,
        "Hole@1000": 0.9947
    }
}