{
    "nDCG": {
        "NDCG@1": 0.60527,
        "NDCG@3": 0.47388,
        "NDCG@5": 0.49748,
        "NDCG@10": 0.51883,
        "NDCG@100": 0.55501,
        "NDCG@1000": 0.56723
    },
    "MAP": {
        "MAP@1": 0.30263,
        "MAP@3": 0.39956,
        "MAP@5": 0.41647,
        "MAP@10": 0.42776,
        "MAP@100": 0.43702,
        "MAP@1000": 0.43767
    },
    "Recall": {
        "R_cap@1": 0.60527,
        "R_cap@3": 0.4447,
        "R_cap@5": 0.49129,
        "R_cap@10": 0.54497,
        "R_cap@100": 0.68663,
        "R_cap@1000": 0.76516
    },
    "Precision": {
        "P@1": 0.60527,
        "P@3": 0.29647,
        "P@5": 0.19652,
        "P@10": 0.10899,
        "P@100": 0.01373,
        "P@1000": 0.00153
    },
    "mrr": {
        "MRR@1": 0.60527,
        "MRR@3": 0.66583,
        "MRR@5": 0.67488,
        "MRR@10": 0.68114,
        "MRR@100": 0.68555,
        "MRR@1000": 0.68574
    },
    "hole": {
        "Hole@1": 0.38798,
        "Hole@3": 0.69165,
        "Hole@5": 0.79122,
        "Hole@10": 0.87853,
        "Hole@100": 0.97526,
        "Hole@1000": 0.99055
    }
}