{
    "nDCG": {
        "NDCG@1": 0.21174,
        "NDCG@3": 0.25298,
        "NDCG@5": 0.27528,
        "NDCG@10": 0.29865,
        "NDCG@100": 0.36198,
        "NDCG@1000": 0.3906
    },
    "MAP": {
        "MAP@1": 0.16735,
        "MAP@3": 0.22054,
        "MAP@5": 0.23545,
        "MAP@10": 0.24694,
        "MAP@100": 0.2605,
        "MAP@1000": 0.26194
    },
    "Recall": {
        "R_cap@1": 0.21174,
        "R_cap@3": 0.2881,
        "R_cap@5": 0.34079,
        "R_cap@10": 0.40806,
        "R_cap@100": 0.68573,
        "R_cap@1000": 0.87625
    },
    "Precision": {
        "P@1": 0.21174,
        "P@3": 0.12608,
        "P@5": 0.09297,
        "P@10": 0.05842,
        "P@100": 0.01071,
        "P@1000": 0.00154
    },
    "mrr": {
        "MRR@1": 0.21174,
        "MRR@3": 0.26885,
        "MRR@5": 0.28329,
        "MRR@10": 0.2938,
        "MRR@100": 0.30438,
        "MRR@1000": 0.30507
    },
    "hole": {
        "Hole@1": 0.67565,
        "Hole@3": 0.76837,
        "Hole@5": 0.79596,
        "Hole@10": 0.83022,
        "Hole@100": 0.88375,
        "Hole@1000": 0.91445
    }
}