{
    "nDCG": {
        "NDCG@1": 0.06435,
        "NDCG@3": 0.08035,
        "NDCG@5": 0.08697,
        "NDCG@10": 0.09938,
        "NDCG@100": 0.13721,
        "NDCG@1000": 0.17225
    },
    "MAP": {
        "MAP@1": 0.0528,
        "MAP@3": 0.06955,
        "MAP@5": 0.07401,
        "MAP@10": 0.07929,
        "MAP@100": 0.08593,
        "MAP@1000": 0.08719
    },
    "Recall": {
        "R_cap@1": 0.06435,
        "R_cap@3": 0.09176,
        "R_cap@5": 0.10773,
        "R_cap@10": 0.14378,
        "R_cap@100": 0.31996,
        "R_cap@1000": 0.57997
    },
    "Precision": {
        "P@1": 0.06435,
        "P@3": 0.03957,
        "P@5": 0.02863,
        "P@10": 0.01972,
        "P@100": 0.00487,
        "P@1000": 0.00095
    },
    "mrr": {
        "MRR@1": 0.06435,
        "MRR@3": 0.08614,
        "MRR@5": 0.09084,
        "MRR@10": 0.09679,
        "MRR@100": 0.10379,
        "MRR@1000": 0.10481
    },
    "hole": {
        "Hole@1": 0.80695,
        "Hole@3": 0.82875,
        "Hole@5": 0.83648,
        "Hole@10": 0.84708,
        "Hole@100": 0.86512,
        "Hole@1000": 0.88008
    }
}