{
    "nDCG": {
        "NDCG@1": 0.10169,
        "NDCG@3": 0.13058,
        "NDCG@5": 0.14676,
        "NDCG@10": 0.16314,
        "NDCG@100": 0.21817,
        "NDCG@1000": 0.25377
    },
    "MAP": {
        "MAP@1": 0.09229,
        "MAP@3": 0.11915,
        "MAP@5": 0.1283,
        "MAP@10": 0.13509,
        "MAP@100": 0.14541,
        "MAP@1000": 0.14663
    },
    "Recall": {
        "R_cap@1": 0.10169,
        "R_cap@3": 0.15235,
        "R_cap@5": 0.19175,
        "R_cap@10": 0.2404,
        "R_cap@100": 0.50249,
        "R_cap@1000": 0.77865
    },
    "Precision": {
        "P@1": 0.10169,
        "P@3": 0.05725,
        "P@5": 0.04362,
        "P@10": 0.02768,
        "P@100": 0.00595,
        "P@1000": 0.00095
    },
    "mrr": {
        "MRR@1": 0.10169,
        "MRR@3": 0.12957,
        "MRR@5": 0.13866,
        "MRR@10": 0.14598,
        "MRR@100": 0.15623,
        "MRR@1000": 0.15733
    },
    "hole": {
        "Hole@1": 0.84859,
        "Hole@3": 0.8904,
        "Hole@5": 0.90576,
        "Hole@10": 0.92113,
        "Hole@100": 0.94642,
        "Hole@1000": 0.95792
    }
}