{
    "nDCG": {
        "NDCG@1": 0.31656,
        "NDCG@3": 0.34997,
        "NDCG@5": 0.36634,
        "NDCG@10": 0.3848,
        "NDCG@100": 0.42702,
        "NDCG@1000": 0.45038
    },
    "MAP": {
        "MAP@1": 0.25323,
        "MAP@3": 0.31311,
        "MAP@5": 0.32628,
        "MAP@10": 0.33652,
        "MAP@100": 0.34675,
        "MAP@1000": 0.34785
    },
    "Recall": {
        "R_cap@1": 0.31656,
        "R_cap@3": 0.38004,
        "R_cap@5": 0.41973,
        "R_cap@10": 0.47301,
        "R_cap@100": 0.64962,
        "R_cap@1000": 0.80548
    },
    "Precision": {
        "P@1": 0.31656,
        "P@3": 0.16539,
        "P@5": 0.11605,
        "P@10": 0.06962,
        "P@100": 0.01127,
        "P@1000": 0.0016
    },
    "mrr": {
        "MRR@1": 0.31656,
        "MRR@3": 0.37293,
        "MRR@5": 0.3851,
        "MRR@10": 0.39259,
        "MRR@100": 0.3997,
        "MRR@1000": 0.40021
    },
    "hole": {
        "Hole@1": 0.5758,
        "Hole@3": 0.72081,
        "Hole@5": 0.75936,
        "Hole@10": 0.79223,
        "Hole@100": 0.83748,
        "Hole@1000": 0.85307
    }
}