{
    "nDCG": {
        "NDCG@1": 0.73,
        "NDCG@3": 0.6952,
        "NDCG@5": 0.67449,
        "NDCG@10": 0.61841,
        "NDCG@100": 0.41011,
        "NDCG@1000": 0.30726
    },
    "MAP": {
        "MAP@1": 0.00204,
        "MAP@3": 0.00576,
        "MAP@5": 0.00875,
        "MAP@10": 0.01426,
        "MAP@100": 0.06079,
        "MAP@1000": 0.12663
    },
    "Recall": {
        "R_cap@1": 0.8,
        "R_cap@3": 0.77333,
        "R_cap@5": 0.728,
        "R_cap@10": 0.644,
        "R_cap@100": 0.4114,
        "R_cap@1000": 0.26944
    },
    "Precision": {
        "P@1": 0.8,
        "P@3": 0.77333,
        "P@5": 0.728,
        "P@10": 0.644,
        "P@100": 0.4114,
        "P@1000": 0.1343
    },
    "mrr": {
        "MRR@1": 0.8,
        "MRR@3": 0.86,
        "MRR@5": 0.865,
        "MRR@10": 0.8675,
        "MRR@100": 0.86845,
        "MRR@1000": 0.86845
    },
    "hole": {
        "Hole@1": 0.1,
        "Hole@3": 0.10667,
        "Hole@5": 0.132,
        "Hole@10": 0.162,
        "Hole@100": 0.2592,
        "Hole@1000": 0.2668
    }
}