{
    "nDCG": {
        "NDCG@1": 0.00142,
        "NDCG@3": 0.20209,
        "NDCG@5": 0.26352,
        "NDCG@10": 0.33295,
        "NDCG@100": 0.38888,
        "NDCG@1000": 0.39365
    },
    "MAP": {
        "MAP@1": 0.00142,
        "MAP@3": 0.15315,
        "MAP@5": 0.18719,
        "MAP@10": 0.21595,
        "MAP@100": 0.22884,
        "MAP@1000": 0.22903
    },
    "Recall": {
        "R_cap@1": 0.00142,
        "R_cap@3": 0.34353,
        "R_cap@5": 0.49289,
        "R_cap@10": 0.70697,
        "R_cap@100": 0.95306,
        "R_cap@1000": 0.99004
    },
    "Precision": {
        "P@1": 0.00142,
        "P@3": 0.11451,
        "P@5": 0.09858,
        "P@10": 0.0707,
        "P@100": 0.00953,
        "P@1000": 0.00099
    },
    "mrr": {
        "MRR@1": 0.00142,
        "MRR@3": 0.15315,
        "MRR@5": 0.18719,
        "MRR@10": 0.21595,
        "MRR@100": 0.22884,
        "MRR@1000": 0.22903
    },
    "hole": {
        "Hole@1": 0.99858,
        "Hole@3": 0.75581,
        "Hole@5": 0.71607,
        "Hole@10": 0.69509,
        "Hole@100": 0.81256,
        "Hole@1000": 0.84685
    }
}