{
    "nDCG": {
        "NDCG@1": 0.15278,
        "NDCG@3": 0.13834,
        "NDCG@5": 0.1461,
        "NDCG@10": 0.16598,
        "NDCG@100": 0.23346,
        "NDCG@1000": 0.28072
    },
    "MAP": {
        "MAP@1": 0.07213,
        "MAP@3": 0.10016,
        "MAP@5": 0.10879,
        "MAP@10": 0.1187,
        "MAP@100": 0.13235,
        "MAP@1000": 0.13455
    },
    "Recall": {
        "R_cap@1": 0.15278,
        "R_cap@3": 0.14198,
        "R_cap@5": 0.16296,
        "R_cap@10": 0.21424,
        "R_cap@100": 0.48313,
        "R_cap@1000": 0.77858
    },
    "Precision": {
        "P@1": 0.15278,
        "P@3": 0.09568,
        "P@5": 0.0716,
        "P@10": 0.05062,
        "P@100": 0.01171,
        "P@1000": 0.00198
    },
    "mrr": {
        "MRR@1": 0.15278,
        "MRR@3": 0.19059,
        "MRR@5": 0.20262,
        "MRR@10": 0.21285,
        "MRR@100": 0.22422,
        "MRR@1000": 0.22512
    },
    "hole": {
        "Hole@1": 0.79784,
        "Hole@3": 0.85442,
        "Hole@5": 0.875,
        "Hole@10": 0.89861,
        "Hole@100": 0.93606,
        "Hole@1000": 0.95163
    }
}