{
    "nDCG": {
        "NDCG@1": 0.26897,
        "NDCG@3": 0.33267,
        "NDCG@5": 0.35463,
        "NDCG@10": 0.38061,
        "NDCG@100": 0.43653,
        "NDCG@1000": 0.45707
    },
    "MAP": {
        "MAP@1": 0.23628,
        "MAP@3": 0.30523,
        "MAP@5": 0.31868,
        "MAP@10": 0.33079,
        "MAP@100": 0.34281,
        "MAP@1000": 0.34368
    },
    "Recall": {
        "R_cap@1": 0.26897,
        "R_cap@3": 0.37806,
        "R_cap@5": 0.42925,
        "R_cap@10": 0.50378,
        "R_cap@100": 0.75406,
        "R_cap@1000": 0.9042
    },
    "Precision": {
        "P@1": 0.26897,
        "P@3": 0.15026,
        "P@5": 0.10533,
        "P@10": 0.06389,
        "P@100": 0.01028,
        "P@1000": 0.00127
    },
    "mrr": {
        "MRR@1": 0.26897,
        "MRR@3": 0.33438,
        "MRR@5": 0.34742,
        "MRR@10": 0.35745,
        "MRR@100": 0.36714,
        "MRR@1000": 0.3677
    },
    "hole": {
        "Hole@1": 0.67461,
        "Hole@3": 0.77827,
        "Hole@5": 0.82019,
        "Hole@10": 0.86088,
        "Hole@100": 0.92182,
        "Hole@1000": 0.94041
    }
}