{
    "nDCG": {
        "NDCG@1": 0.55667,
        "NDCG@3": 0.62598,
        "NDCG@5": 0.65307,
        "NDCG@10": 0.67646,
        "NDCG@100": 0.70747,
        "NDCG@1000": 0.71188
    },
    "MAP": {
        "MAP@1": 0.53333,
        "MAP@3": 0.59847,
        "MAP@5": 0.61663,
        "MAP@10": 0.62804,
        "MAP@100": 0.63506,
        "MAP@1000": 0.63527
    },
    "Recall": {
        "R_cap@1": 0.55667,
        "R_cap@3": 0.68,
        "R_cap@5": 0.7425,
        "R_cap@10": 0.81011,
        "R_cap@100": 0.95033,
        "R_cap@1000": 0.98333
    },
    "Precision": {
        "P@1": 0.55667,
        "P@3": 0.24333,
        "P@5": 0.164,
        "P@10": 0.091,
        "P@100": 0.01073,
        "P@1000": 0.00111
    },
    "mrr": {
        "MRR@1": 0.55667,
        "MRR@3": 0.62056,
        "MRR@5": 0.63356,
        "MRR@10": 0.64193,
        "MRR@100": 0.64778,
        "MRR@1000": 0.64793
    },
    "hole": {
        "Hole@1": 0.40667,
        "Hole@3": 0.71889,
        "Hole@5": 0.798,
        "Hole@10": 0.86033,
        "Hole@100": 0.92557,
        "Hole@1000": 0.93918
    }
}