{
    "nDCG": {
        "NDCG@1": 0.26852,
        "NDCG@3": 0.25779,
        "NDCG@5": 0.26807,
        "NDCG@10": 0.29171,
        "NDCG@100": 0.34808,
        "NDCG@1000": 0.38508
    },
    "MAP": {
        "MAP@1": 0.13915,
        "MAP@3": 0.19476,
        "MAP@5": 0.2098,
        "MAP@10": 0.22407,
        "MAP@100": 0.23749,
        "MAP@1000": 0.23936
    },
    "Recall": {
        "R_cap@1": 0.26852,
        "R_cap@3": 0.26646,
        "R_cap@5": 0.29624,
        "R_cap@10": 0.36064,
        "R_cap@100": 0.57112,
        "R_cap@1000": 0.79503
    },
    "Precision": {
        "P@1": 0.26852,
        "P@3": 0.16821,
        "P@5": 0.12531,
        "P@10": 0.08009,
        "P@100": 0.0137,
        "P@1000": 0.00203
    },
    "mrr": {
        "MRR@1": 0.26852,
        "MRR@3": 0.32973,
        "MRR@5": 0.34462,
        "MRR@10": 0.35601,
        "MRR@100": 0.36576,
        "MRR@1000": 0.36633
    },
    "hole": {
        "Hole@1": 0.6713,
        "Hole@3": 0.77315,
        "Hole@5": 0.81543,
        "Hole@10": 0.86049,
        "Hole@100": 0.92645,
        "Hole@1000": 0.94184
    }
}