{
    "nDCG": {
        "NDCG@1": 0.28549,
        "NDCG@3": 0.2537,
        "NDCG@5": 0.26583,
        "NDCG@10": 0.29593,
        "NDCG@100": 0.35941,
        "NDCG@1000": 0.39633
    },
    "MAP": {
        "MAP@1": 0.13472,
        "MAP@3": 0.19008,
        "MAP@5": 0.20869,
        "MAP@10": 0.22576,
        "MAP@100": 0.24092,
        "MAP@1000": 0.24281
    },
    "Recall": {
        "R_cap@1": 0.28549,
        "R_cap@3": 0.2518,
        "R_cap@5": 0.28573,
        "R_cap@10": 0.36955,
        "R_cap@100": 0.60979,
        "R_cap@1000": 0.83557
    },
    "Precision": {
        "P@1": 0.28549,
        "P@3": 0.17078,
        "P@5": 0.1287,
        "P@10": 0.08472,
        "P@100": 0.015,
        "P@1000": 0.00216
    },
    "mrr": {
        "MRR@1": 0.28549,
        "MRR@3": 0.33642,
        "MRR@5": 0.34807,
        "MRR@10": 0.36306,
        "MRR@100": 0.37186,
        "MRR@1000": 0.37246
    },
    "hole": {
        "Hole@1": 0.65741,
        "Hole@3": 0.77315,
        "Hole@5": 0.81605,
        "Hole@10": 0.85741,
        "Hole@100": 0.92386,
        "Hole@1000": 0.93999
    }
}