{
    "nDCG": {
        "NDCG@1": 0.162,
        "NDCG@3": 0.13263,
        "NDCG@5": 0.11828,
        "NDCG@10": 0.14079,
        "NDCG@100": 0.20175,
        "NDCG@1000": 0.2471
    },
    "MAP": {
        "MAP@1": 0.03293,
        "MAP@3": 0.05761,
        "MAP@5": 0.06934,
        "MAP@10": 0.0795,
        "MAP@100": 0.09375,
        "MAP@1000": 0.09597
    },
    "Recall": {
        "R_cap@1": 0.162,
        "R_cap@3": 0.12333,
        "R_cap@5": 0.10612,
        "R_cap@10": 0.14753,
        "R_cap@100": 0.327,
        "R_cap@1000": 0.54845
    },
    "Precision": {
        "P@1": 0.162,
        "P@3": 0.12333,
        "P@5": 0.1046,
        "P@10": 0.0726,
        "P@100": 0.01609,
        "P@1000": 0.0027
    },
    "mrr": {
        "MRR@1": 0.162,
        "MRR@3": 0.22383,
        "MRR@5": 0.24208,
        "MRR@10": 0.25428,
        "MRR@100": 0.26494,
        "MRR@1000": 0.26576
    },
    "hole": {
        "Hole@1": 0.0,
        "Hole@3": 0.0,
        "Hole@5": 0.0,
        "Hole@10": 0.0,
        "Hole@100": 0.0,
        "Hole@1000": 0.0
    }
}