{
    "nDCG": {
        "NDCG@1": 0.40248,
        "NDCG@3": 0.37684,
        "NDCG@5": 0.35415,
        "NDCG@10": 0.32275,
        "NDCG@100": 0.29594,
        "NDCG@1000": 0.38652
    },
    "MAP": {
        "MAP@1": 0.0544,
        "MAP@3": 0.08929,
        "MAP@5": 0.10276,
        "MAP@10": 0.11985,
        "MAP@100": 0.14953,
        "MAP@1000": 0.16382
    },
    "Recall": {
        "R_cap@1": 0.42415,
        "R_cap@3": 0.37307,
        "R_cap@5": 0.34226,
        "R_cap@10": 0.30072,
        "R_cap@100": 0.31178,
        "R_cap@1000": 0.62214
    },
    "Precision": {
        "P@1": 0.41796,
        "P@3": 0.35191,
        "P@5": 0.30526,
        "P@10": 0.23932,
        "P@100": 0.07693,
        "P@1000": 0.0209
    },
    "mrr": {
        "MRR@1": 0.42415,
        "MRR@3": 0.50155,
        "MRR@5": 0.51316,
        "MRR@10": 0.51929,
        "MRR@100": 0.5256,
        "MRR@1000": 0.52595
    },
    "hole": {
        "Hole@1": 0.06811,
        "Hole@3": 0.07637,
        "Hole@5": 0.08235,
        "Hole@10": 0.08854,
        "Hole@100": 0.1218,
        "Hole@1000": 0.13054
    }
}