{
    "nDCG": {
        "NDCG@1": 0.65,
        "NDCG@3": 0.67061,
        "NDCG@5": 0.64957,
        "NDCG@10": 0.59501,
        "NDCG@100": 0.40027,
        "NDCG@1000": 0.35722
    },
    "MAP": {
        "MAP@1": 0.00175,
        "MAP@3": 0.0051,
        "MAP@5": 0.00807,
        "MAP@10": 0.01355,
        "MAP@100": 0.06085,
        "MAP@1000": 0.14839
    },
    "Recall": {
        "R_cap@1": 0.7,
        "R_cap@3": 0.72,
        "R_cap@5": 0.696,
        "R_cap@10": 0.622,
        "R_cap@100": 0.4068,
        "R_cap@1000": 0.33663
    },
    "Precision": {
        "P@1": 0.72,
        "P@3": 0.72,
        "P@5": 0.696,
        "P@10": 0.622,
        "P@100": 0.4068,
        "P@1000": 0.16444
    },
    "mrr": {
        "MRR@1": 0.7,
        "MRR@3": 0.77667,
        "MRR@5": 0.78567,
        "MRR@10": 0.79471,
        "MRR@100": 0.79743,
        "MRR@1000": 0.79743
    },
    "hole": {
        "Hole@1": 0.08,
        "Hole@3": 0.18,
        "Hole@5": 0.2,
        "Hole@10": 0.232,
        "Hole@100": 0.3456,
        "Hole@1000": 0.4988
    }
}