{
    "nDCG": {
        "NDCG@1": 0.387,
        "NDCG@3": 0.35416,
        "NDCG@5": 0.33189,
        "NDCG@10": 0.30683,
        "NDCG@100": 0.27252,
        "NDCG@1000": 0.35656
    },
    "MAP": {
        "MAP@1": 0.04923,
        "MAP@3": 0.08264,
        "MAP@5": 0.09427,
        "MAP@10": 0.11017,
        "MAP@100": 0.13527,
        "MAP@1000": 0.14761
    },
    "Recall": {
        "R_cap@1": 0.41486,
        "R_cap@3": 0.35346,
        "R_cap@5": 0.32234,
        "R_cap@10": 0.2889,
        "R_cap@100": 0.27961,
        "R_cap@1000": 0.57004
    },
    "Precision": {
        "P@1": 0.40248,
        "P@3": 0.33437,
        "P@5": 0.28793,
        "P@10": 0.22972,
        "P@100": 0.07065,
        "P@1000": 0.01926
    },
    "mrr": {
        "MRR@1": 0.41486,
        "MRR@3": 0.48452,
        "MRR@5": 0.49659,
        "MRR@10": 0.50454,
        "MRR@100": 0.50964,
        "MRR@1000": 0.51021
    },
    "hole": {
        "Hole@1": 0.06192,
        "Hole@3": 0.08978,
        "Hole@5": 0.09164,
        "Hole@10": 0.09783,
        "Hole@100": 0.12802,
        "Hole@1000": 0.1343
    }
}