{
    "nDCG": {
        "NDCG@1": 0.49125,
        "NDCG@3": 0.42198,
        "NDCG@5": 0.39983,
        "NDCG@10": 0.39443,
        "NDCG@100": 0.44563,
        "NDCG@1000": 0.52322
    },
    "MAP": {
        "MAP@1": 0.08309,
        "MAP@3": 0.13573,
        "MAP@5": 0.15765,
        "MAP@10": 0.19227,
        "MAP@100": 0.27065,
        "MAP@1000": 0.28803
    },
    "Recall": {
        "R_cap@1": 0.6125,
        "R_cap@3": 0.49042,
        "R_cap@5": 0.44483,
        "R_cap@10": 0.41845,
        "R_cap@100": 0.52828,
        "R_cap@1000": 0.76423
    },
    "Precision": {
        "P@1": 0.6125,
        "P@3": 0.46583,
        "P@5": 0.397,
        "P@10": 0.32325,
        "P@100": 0.10253,
        "P@1000": 0.02173
    },
    "mrr": {
        "MRR@1": 0.6125,
        "MRR@3": 0.69375,
        "MRR@5": 0.70288,
        "MRR@10": 0.71032,
        "MRR@100": 0.71404,
        "MRR@1000": 0.71411
    },
    "hole": {
        "Hole@1": 0.215,
        "Hole@3": 0.32167,
        "Hole@5": 0.3725,
        "Hole@10": 0.454,
        "Hole@100": 0.76397,
        "Hole@1000": 0.92475
    }
}