{
    "nDCG": {
        "NDCG@1": 0.64206,
        "NDCG@3": 0.72407,
        "NDCG@5": 0.74299,
        "NDCG@10": 0.75864,
        "NDCG@100": 0.77458,
        "NDCG@1000": 0.77769
    },
    "MAP": {
        "MAP@1": 0.59473,
        "MAP@3": 0.68588,
        "MAP@5": 0.69734,
        "MAP@10": 0.70443,
        "MAP@100": 0.7083,
        "MAP@1000": 0.70846
    },
    "Recall": {
        "R_cap@1": 0.64206,
        "R_cap@3": 0.7901,
        "R_cap@5": 0.83573,
        "R_cap@10": 0.88193,
        "R_cap@100": 0.94958,
        "R_cap@1000": 0.97051
    },
    "Precision": {
        "P@1": 0.64206,
        "P@3": 0.28573,
        "P@5": 0.18233,
        "P@10": 0.09686,
        "P@100": 0.01064,
        "P@1000": 0.00111
    },
    "mrr": {
        "MRR@1": 0.64206,
        "MRR@3": 0.73205,
        "MRR@5": 0.74273,
        "MRR@10": 0.74901,
        "MRR@100": 0.75183,
        "MRR@1000": 0.75188
    },
    "hole": {
        "Hole@1": 0.32718,
        "Hole@3": 0.68107,
        "Hole@5": 0.78812,
        "Hole@10": 0.88068,
        "Hole@100": 0.98191,
        "Hole@1000": 0.9958
    }
}