{
    "nDCG": {
        "NDCG@1": 0.54667,
        "NDCG@3": 0.60748,
        "NDCG@5": 0.62888,
        "NDCG@10": 0.65911,
        "NDCG@100": 0.68908,
        "NDCG@1000": 0.69554
    },
    "MAP": {
        "MAP@1": 0.51983,
        "MAP@3": 0.58228,
        "MAP@5": 0.59677,
        "MAP@10": 0.61056,
        "MAP@100": 0.6167,
        "MAP@1000": 0.61698
    },
    "Recall": {
        "R_cap@1": 0.54667,
        "R_cap@3": 0.65556,
        "R_cap@5": 0.70528,
        "R_cap@10": 0.79733,
        "R_cap@100": 0.937,
        "R_cap@1000": 0.98667
    },
    "Precision": {
        "P@1": 0.54667,
        "P@3": 0.23556,
        "P@5": 0.156,
        "P@10": 0.08933,
        "P@100": 0.0106,
        "P@1000": 0.00112
    },
    "mrr": {
        "MRR@1": 0.54667,
        "MRR@3": 0.60222,
        "MRR@5": 0.61406,
        "MRR@10": 0.62437,
        "MRR@100": 0.62969,
        "MRR@1000": 0.62992
    },
    "hole": {
        "Hole@1": 0.42667,
        "Hole@3": 0.72667,
        "Hole@5": 0.80333,
        "Hole@10": 0.86033,
        "Hole@100": 0.92667,
        "Hole@1000": 0.9403
    }
}