{
    "nDCG": {
        "NDCG@1": 0.54333,
        "NDCG@3": 0.60625,
        "NDCG@5": 0.6275,
        "NDCG@10": 0.65786,
        "NDCG@100": 0.68742,
        "NDCG@1000": 0.69438
    },
    "MAP": {
        "MAP@1": 0.5165,
        "MAP@3": 0.58061,
        "MAP@5": 0.59493,
        "MAP@10": 0.60886,
        "MAP@100": 0.61503,
        "MAP@1000": 0.61534
    },
    "Recall": {
        "R_cap@1": 0.54333,
        "R_cap@3": 0.65556,
        "R_cap@5": 0.70528,
        "R_cap@10": 0.79733,
        "R_cap@100": 0.93367,
        "R_cap@1000": 0.98667
    },
    "Precision": {
        "P@1": 0.54333,
        "P@3": 0.23556,
        "P@5": 0.156,
        "P@10": 0.08933,
        "P@100": 0.01057,
        "P@1000": 0.00112
    },
    "mrr": {
        "MRR@1": 0.54333,
        "MRR@3": 0.60056,
        "MRR@5": 0.61222,
        "MRR@10": 0.62267,
        "MRR@100": 0.62802,
        "MRR@1000": 0.62828
    },
    "hole": {
        "Hole@1": 0.43,
        "Hole@3": 0.72667,
        "Hole@5": 0.80333,
        "Hole@10": 0.86,
        "Hole@100": 0.92657,
        "Hole@1000": 0.94028
    }
}