{
    "nDCG": {
        "NDCG@1": 0.29836,
        "NDCG@3": 0.34602,
        "NDCG@5": 0.37084,
        "NDCG@10": 0.39581,
        "NDCG@100": 0.45201,
        "NDCG@1000": 0.47475
    },
    "MAP": {
        "MAP@1": 0.24313,
        "MAP@3": 0.30753,
        "MAP@5": 0.32466,
        "MAP@10": 0.3368,
        "MAP@100": 0.3499,
        "MAP@1000": 0.35111
    },
    "Recall": {
        "R_cap@1": 0.29836,
        "R_cap@3": 0.38707,
        "R_cap@5": 0.44461,
        "R_cap@10": 0.51846,
        "R_cap@100": 0.7554,
        "R_cap@1000": 0.90645
    },
    "Precision": {
        "P@1": 0.29836,
        "P@3": 0.16458,
        "P@5": 0.11935,
        "P@10": 0.07344,
        "P@100": 0.01199,
        "P@1000": 0.00157
    },
    "mrr": {
        "MRR@1": 0.29836,
        "MRR@3": 0.3659,
        "MRR@5": 0.38192,
        "MRR@10": 0.39228,
        "MRR@100": 0.40074,
        "MRR@1000": 0.40125
    },
    "hole": {
        "Hole@1": 0.59865,
        "Hole@3": 0.73404,
        "Hole@5": 0.77709,
        "Hole@10": 0.81925,
        "Hole@100": 0.88791,
        "Hole@1000": 0.92136
    }
}