{
    "nDCG": {
        "NDCG@1": 0.18367,
        "NDCG@3": 0.18247,
        "NDCG@5": 0.20783,
        "NDCG@10": 0.20477,
        "NDCG@100": 0.32189,
        "NDCG@1000": 0.45055
    },
    "MAP": {
        "MAP@1": 0.02135,
        "MAP@3": 0.04209,
        "MAP@5": 0.06426,
        "MAP@10": 0.08604,
        "MAP@100": 0.13628,
        "MAP@1000": 0.15377
    },
    "Recall": {
        "R_cap@1": 0.20408,
        "R_cap@3": 0.19728,
        "R_cap@5": 0.22857,
        "R_cap@10": 0.21218,
        "R_cap@100": 0.44324,
        "R_cap@1000": 0.82965
    },
    "Precision": {
        "P@1": 0.20408,
        "P@3": 0.19728,
        "P@5": 0.22857,
        "P@10": 0.19388,
        "P@100": 0.07061,
        "P@1000": 0.01543
    },
    "mrr": {
        "MRR@1": 0.20408,
        "MRR@3": 0.29932,
        "MRR@5": 0.33707,
        "MRR@10": 0.35125,
        "MRR@100": 0.36628,
        "MRR@1000": 0.3664
    },
    "hole": {
        "Hole@1": 0.71429,
        "Hole@3": 0.72789,
        "Hole@5": 0.68163,
        "Hole@10": 0.71429,
        "Hole@100": 0.88531,
        "Hole@1000": 0.96541
    }
}