{
    "nDCG": {
        "NDCG@1": 0.31173,
        "NDCG@3": 0.29022,
        "NDCG@5": 0.30325,
        "NDCG@10": 0.3291,
        "NDCG@100": 0.39764,
        "NDCG@1000": 0.43295
    },
    "MAP": {
        "MAP@1": 0.1495,
        "MAP@3": 0.2204,
        "MAP@5": 0.23929,
        "MAP@10": 0.25574,
        "MAP@100": 0.27372,
        "MAP@1000": 0.27557
    },
    "Recall": {
        "R_cap@1": 0.31173,
        "R_cap@3": 0.30015,
        "R_cap@5": 0.33531,
        "R_cap@10": 0.40023,
        "R_cap@100": 0.6558,
        "R_cap@1000": 0.86941
    },
    "Precision": {
        "P@1": 0.31173,
        "P@3": 0.1929,
        "P@5": 0.14321,
        "P@10": 0.09306,
        "P@100": 0.0162,
        "P@1000": 0.00226
    },
    "mrr": {
        "MRR@1": 0.31173,
        "MRR@3": 0.37269,
        "MRR@5": 0.38758,
        "MRR@10": 0.4,
        "MRR@100": 0.40915,
        "MRR@1000": 0.40964
    },
    "hole": {
        "Hole@1": 0.64198,
        "Hole@3": 0.75154,
        "Hole@5": 0.80062,
        "Hole@10": 0.84846,
        "Hole@100": 0.92369,
        "Hole@1000": 0.9379
    }
}