{
    "nDCG": {
        "NDCG@1": 0.36803,
        "NDCG@3": 0.43201,
        "NDCG@5": 0.45645,
        "NDCG@10": 0.48386,
        "NDCG@100": 0.52961,
        "NDCG@1000": 0.54489
    },
    "MAP": {
        "MAP@1": 0.32318,
        "MAP@3": 0.40001,
        "MAP@5": 0.41655,
        "MAP@10": 0.42953,
        "MAP@100": 0.44015,
        "MAP@1000": 0.44086
    },
    "Recall": {
        "R_cap@1": 0.36803,
        "R_cap@3": 0.48077,
        "R_cap@5": 0.53759,
        "R_cap@10": 0.61734,
        "R_cap@100": 0.81532,
        "R_cap@1000": 0.92469
    },
    "Precision": {
        "P@1": 0.36803,
        "P@3": 0.19227,
        "P@5": 0.13304,
        "P@10": 0.07831,
        "P@100": 0.01107,
        "P@1000": 0.00129
    },
    "mrr": {
        "MRR@1": 0.36803,
        "MRR@3": 0.43626,
        "MRR@5": 0.44908,
        "MRR@10": 0.46024,
        "MRR@100": 0.46819,
        "MRR@1000": 0.46863
    },
    "hole": {
        "Hole@1": 0.56552,
        "Hole@3": 0.73772,
        "Hole@5": 0.79097,
        "Hole@10": 0.84702,
        "Hole@100": 0.92023,
        "Hole@1000": 0.93929
    }
}