{
    "nDCG": {
        "NDCG@1": 0.2316,
        "NDCG@3": 0.2608,
        "NDCG@5": 0.27761,
        "NDCG@10": 0.29482,
        "NDCG@100": 0.33572,
        "NDCG@1000": 0.36156
    },
    "MAP": {
        "MAP@1": 0.20454,
        "MAP@3": 0.24206,
        "MAP@5": 0.25296,
        "MAP@10": 0.26051,
        "MAP@100": 0.26831,
        "MAP@1000": 0.26927
    },
    "Recall": {
        "R_cap@1": 0.2316,
        "R_cap@3": 0.28553,
        "R_cap@5": 0.32595,
        "R_cap@10": 0.37788,
        "R_cap@100": 0.56845,
        "R_cap@1000": 0.75883
    },
    "Precision": {
        "P@1": 0.2316,
        "P@3": 0.11196,
        "P@5": 0.07822,
        "P@10": 0.04586,
        "P@100": 0.00706,
        "P@1000": 0.001
    },
    "mrr": {
        "MRR@1": 0.2316,
        "MRR@3": 0.26764,
        "MRR@5": 0.27761,
        "MRR@10": 0.28465,
        "MRR@100": 0.29225,
        "MRR@1000": 0.29305
    },
    "hole": {
        "Hole@1": 0.72239,
        "Hole@3": 0.84407,
        "Hole@5": 0.87699,
        "Hole@10": 0.91104,
        "Hole@100": 0.96032,
        "Hole@1000": 0.97398
    }
}