{
    "nDCG": {
        "NDCG@1": 0.12117,
        "NDCG@3": 0.15483,
        "NDCG@5": 0.17025,
        "NDCG@10": 0.18815,
        "NDCG@100": 0.23528,
        "NDCG@1000": 0.26905
    },
    "MAP": {
        "MAP@1": 0.10121,
        "MAP@3": 0.1378,
        "MAP@5": 0.14707,
        "MAP@10": 0.15468,
        "MAP@100": 0.16418,
        "MAP@1000": 0.16531
    },
    "Recall": {
        "R_cap@1": 0.12117,
        "R_cap@3": 0.18098,
        "R_cap@5": 0.21958,
        "R_cap@10": 0.2727,
        "R_cap@100": 0.48643,
        "R_cap@1000": 0.74866
    },
    "Precision": {
        "P@1": 0.12117,
        "P@3": 0.07413,
        "P@5": 0.05368,
        "P@10": 0.03405,
        "P@100": 0.00626,
        "P@1000": 0.00099
    },
    "mrr": {
        "MRR@1": 0.12117,
        "MRR@3": 0.15721,
        "MRR@5": 0.16679,
        "MRR@10": 0.17508,
        "MRR@100": 0.18409,
        "MRR@1000": 0.18504
    },
    "hole": {
        "Hole@1": 0.81442,
        "Hole@3": 0.86503,
        "Hole@5": 0.88742,
        "Hole@10": 0.90905,
        "Hole@100": 0.94736,
        "Hole@1000": 0.96309
    }
}