{
    "nDCG": {
        "NDCG@1": 0.29592,
        "NDCG@3": 0.27261,
        "NDCG@5": 0.23083,
        "NDCG@10": 0.23004,
        "NDCG@100": 0.34587,
        "NDCG@1000": 0.4692
    },
    "MAP": {
        "MAP@1": 0.02844,
        "MAP@3": 0.06155,
        "MAP@5": 0.07065,
        "MAP@10": 0.09684,
        "MAP@100": 0.15185,
        "MAP@1000": 0.16798
    },
    "Recall": {
        "R_cap@1": 0.32653,
        "R_cap@3": 0.27891,
        "R_cap@5": 0.21224,
        "R_cap@10": 0.21542,
        "R_cap@100": 0.44156,
        "R_cap@1000": 0.81737
    },
    "Precision": {
        "P@1": 0.32653,
        "P@3": 0.27891,
        "P@5": 0.21224,
        "P@10": 0.19796,
        "P@100": 0.07204,
        "P@1000": 0.01522
    },
    "mrr": {
        "MRR@1": 0.32653,
        "MRR@3": 0.42857,
        "MRR@5": 0.45102,
        "MRR@10": 0.46718,
        "MRR@100": 0.48026,
        "MRR@1000": 0.48026
    },
    "hole": {
        "Hole@1": 0.63265,
        "Hole@3": 0.65986,
        "Hole@5": 0.71429,
        "Hole@10": 0.73878,
        "Hole@100": 0.88939,
        "Hole@1000": 0.96788
    }
}