{
    "nDCG": {
        "NDCG@1": 0.13557,
        "NDCG@3": 0.16013,
        "NDCG@5": 0.17648,
        "NDCG@10": 0.19464,
        "NDCG@100": 0.2464,
        "NDCG@1000": 0.2758
    },
    "MAP": {
        "MAP@1": 0.10933,
        "MAP@3": 0.14091,
        "MAP@5": 0.15093,
        "MAP@10": 0.15889,
        "MAP@100": 0.16869,
        "MAP@1000": 0.1699
    },
    "Recall": {
        "R_cap@1": 0.13557,
        "R_cap@3": 0.18325,
        "R_cap@5": 0.22222,
        "R_cap@10": 0.27652,
        "R_cap@100": 0.50647,
        "R_cap@1000": 0.71639
    },
    "Precision": {
        "P@1": 0.13557,
        "P@3": 0.07546,
        "P@5": 0.05746,
        "P@10": 0.03632,
        "P@100": 0.00723,
        "P@1000": 0.00108
    },
    "mrr": {
        "MRR@1": 0.13557,
        "MRR@3": 0.16957,
        "MRR@5": 0.1807,
        "MRR@10": 0.18934,
        "MRR@100": 0.19956,
        "MRR@1000": 0.20042
    },
    "hole": {
        "Hole@1": 0.7898,
        "Hole@3": 0.83499,
        "Hole@5": 0.85075,
        "Hole@10": 0.87002,
        "Hole@100": 0.90241,
        "Hole@1000": 0.91469
    }
}