{
    "nDCG": {
        "NDCG@1": 0.15527,
        "NDCG@3": 0.19166,
        "NDCG@5": 0.21037,
        "NDCG@10": 0.22704,
        "NDCG@100": 0.27985,
        "NDCG@1000": 0.30833
    },
    "MAP": {
        "MAP@1": 0.14023,
        "MAP@3": 0.17542,
        "MAP@5": 0.18628,
        "MAP@10": 0.19408,
        "MAP@100": 0.20427,
        "MAP@1000": 0.20533
    },
    "Recall": {
        "R_cap@1": 0.15527,
        "R_cap@3": 0.21935,
        "R_cap@5": 0.26525,
        "R_cap@10": 0.31392,
        "R_cap@100": 0.55877,
        "R_cap@1000": 0.77438
    },
    "Precision": {
        "P@1": 0.15527,
        "P@3": 0.08318,
        "P@5": 0.05952,
        "P@10": 0.03567,
        "P@100": 0.00673,
        "P@1000": 0.00102
    },
    "mrr": {
        "MRR@1": 0.15527,
        "MRR@3": 0.19347,
        "MRR@5": 0.20456,
        "MRR@10": 0.21064,
        "MRR@100": 0.22069,
        "MRR@1000": 0.22151
    },
    "hole": {
        "Hole@1": 0.82994,
        "Hole@3": 0.89772,
        "Hole@5": 0.92348,
        "Hole@10": 0.94732,
        "Hole@100": 0.97664,
        "Hole@1000": 0.9823
    }
}