{
    "nDCG": {
        "NDCG@1": 0.34,
        "NDCG@3": 0.31765,
        "NDCG@5": 0.27102,
        "NDCG@10": 0.22945,
        "NDCG@100": 0.12301,
        "NDCG@1000": 0.09844
    },
    "MAP": {
        "MAP@1": 0.00092,
        "MAP@3": 0.00214,
        "MAP@5": 0.00275,
        "MAP@10": 0.00393,
        "MAP@100": 0.0106,
        "MAP@1000": 0.01984
    },
    "Recall": {
        "R_cap@1": 0.36,
        "R_cap@3": 0.33333,
        "R_cap@5": 0.276,
        "R_cap@10": 0.226,
        "R_cap@100": 0.1124,
        "R_cap@1000": 0.08784
    },
    "Precision": {
        "P@1": 0.36,
        "P@3": 0.33333,
        "P@5": 0.276,
        "P@10": 0.226,
        "P@100": 0.1124,
        "P@1000": 0.04332
    },
    "mrr": {
        "MRR@1": 0.36,
        "MRR@3": 0.43,
        "MRR@5": 0.438,
        "MRR@10": 0.44619,
        "MRR@100": 0.45695,
        "MRR@1000": 0.45722
    },
    "hole": {
        "Hole@1": 0.58,
        "Hole@3": 0.58667,
        "Hole@5": 0.608,
        "Hole@10": 0.616,
        "Hole@100": 0.6722,
        "Hole@1000": 0.75638
    }
}