{
    "nDCG": {
        "NDCG@1": 0.17745,
        "NDCG@3": 0.20904,
        "NDCG@5": 0.23208,
        "NDCG@10": 0.25087,
        "NDCG@100": 0.29261,
        "NDCG@1000": 0.32038
    },
    "MAP": {
        "MAP@1": 0.16094,
        "MAP@3": 0.19263,
        "MAP@5": 0.20672,
        "MAP@10": 0.21466,
        "MAP@100": 0.22225,
        "MAP@1000": 0.22333
    },
    "Recall": {
        "R_cap@1": 0.17745,
        "R_cap@3": 0.23567,
        "R_cap@5": 0.28993,
        "R_cap@10": 0.34673,
        "R_cap@100": 0.54353,
        "R_cap@1000": 0.75203
    },
    "Precision": {
        "P@1": 0.17745,
        "P@3": 0.08872,
        "P@5": 0.06691,
        "P@10": 0.03993,
        "P@100": 0.00656,
        "P@1000": 0.00096
    },
    "mrr": {
        "MRR@1": 0.17745,
        "MRR@3": 0.21257,
        "MRR@5": 0.22486,
        "MRR@10": 0.23273,
        "MRR@100": 0.24047,
        "MRR@1000": 0.2413
    },
    "hole": {
        "Hole@1": 0.80407,
        "Hole@3": 0.89156,
        "Hole@5": 0.91238,
        "Hole@10": 0.93919,
        "Hole@100": 0.97628,
        "Hole@1000": 0.98302
    }
}