{
    "nDCG": {
        "NDCG@1": 0.43282,
        "NDCG@3": 0.34313,
        "NDCG@5": 0.36527,
        "NDCG@10": 0.39008,
        "NDCG@100": 0.43405,
        "NDCG@1000": 0.45794
    },
    "MAP": {
        "MAP@1": 0.21641,
        "MAP@3": 0.28084,
        "MAP@5": 0.29501,
        "MAP@10": 0.3071,
        "MAP@100": 0.31719,
        "MAP@1000": 0.31825
    },
    "Recall": {
        "R_cap@1": 0.43282,
        "R_cap@3": 0.32458,
        "R_cap@5": 0.3684,
        "R_cap@10": 0.43079,
        "R_cap@100": 0.60655,
        "R_cap@1000": 0.76631
    },
    "Precision": {
        "P@1": 0.43282,
        "P@3": 0.21639,
        "P@5": 0.14736,
        "P@10": 0.08616,
        "P@100": 0.01213,
        "P@1000": 0.00153
    },
    "mrr": {
        "MRR@1": 0.43282,
        "MRR@3": 0.49563,
        "MRR@5": 0.50736,
        "MRR@10": 0.51671,
        "MRR@100": 0.52327,
        "MRR@1000": 0.52365
    },
    "hole": {
        "Hole@1": 0.55381,
        "Hole@3": 0.7648,
        "Hole@5": 0.83309,
        "Hole@10": 0.89473,
        "Hole@100": 0.97254,
        "Hole@1000": 0.98739
    }
}