{
    "nDCG": {
        "NDCG@1": 0.54125,
        "NDCG@3": 0.45977,
        "NDCG@5": 0.42995,
        "NDCG@10": 0.41422,
        "NDCG@100": 0.46953,
        "NDCG@1000": 0.54476
    },
    "MAP": {
        "MAP@1": 0.0919,
        "MAP@3": 0.14485,
        "MAP@5": 0.16659,
        "MAP@10": 0.20034,
        "MAP@100": 0.28969,
        "MAP@1000": 0.3079
    },
    "Recall": {
        "R_cap@1": 0.6625,
        "R_cap@3": 0.52458,
        "R_cap@5": 0.46446,
        "R_cap@10": 0.42729,
        "R_cap@100": 0.54877,
        "R_cap@1000": 0.77555
    },
    "Precision": {
        "P@1": 0.6625,
        "P@3": 0.5,
        "P@5": 0.418,
        "P@10": 0.33375,
        "P@100": 0.10968,
        "P@1000": 0.02287
    },
    "mrr": {
        "MRR@1": 0.6625,
        "MRR@3": 0.72667,
        "MRR@5": 0.73629,
        "MRR@10": 0.74451,
        "MRR@100": 0.74723,
        "MRR@1000": 0.74729
    },
    "hole": {
        "Hole@1": 0.1925,
        "Hole@3": 0.30167,
        "Hole@5": 0.3515,
        "Hole@10": 0.44025,
        "Hole@100": 0.75625,
        "Hole@1000": 0.92414
    }
}