{
    "nDCG": {
        "NDCG@1": 0.69372,
        "NDCG@3": 0.53041,
        "NDCG@5": 0.55396,
        "NDCG@10": 0.57495,
        "NDCG@100": 0.60813,
        "NDCG@1000": 0.62411
    },
    "MAP": {
        "MAP@1": 0.34686,
        "MAP@3": 0.44973,
        "MAP@5": 0.46678,
        "MAP@10": 0.47856,
        "MAP@100": 0.48769,
        "MAP@1000": 0.48849
    },
    "Recall": {
        "R_cap@1": 0.69372,
        "R_cap@3": 0.49203,
        "R_cap@5": 0.53849,
        "R_cap@10": 0.59102,
        "R_cap@100": 0.72113,
        "R_cap@1000": 0.82687
    },
    "Precision": {
        "P@1": 0.69372,
        "P@3": 0.32802,
        "P@5": 0.2154,
        "P@10": 0.1182,
        "P@100": 0.01442,
        "P@1000": 0.00165
    },
    "mrr": {
        "MRR@1": 0.69372,
        "MRR@3": 0.74817,
        "MRR@5": 0.75684,
        "MRR@10": 0.76186,
        "MRR@100": 0.76463,
        "MRR@1000": 0.76477
    },
    "hole": {
        "Hole@1": 0.29912,
        "Hole@3": 0.65874,
        "Hole@5": 0.7697,
        "Hole@10": 0.86666,
        "Hole@100": 0.97317,
        "Hole@1000": 0.98859
    }
}