{
    "nDCG": {
        "NDCG@1": 0.31975,
        "NDCG@3": 0.34254,
        "NDCG@5": 0.3553,
        "NDCG@10": 0.37319,
        "NDCG@100": 0.41645,
        "NDCG@1000": 0.4374
    },
    "MAP": {
        "MAP@1": 0.25634,
        "MAP@3": 0.30778,
        "MAP@5": 0.31833,
        "MAP@10": 0.32813,
        "MAP@100": 0.33859,
        "MAP@1000": 0.33972
    },
    "Recall": {
        "R_cap@1": 0.31975,
        "R_cap@3": 0.36699,
        "R_cap@5": 0.39879,
        "R_cap@10": 0.45035,
        "R_cap@100": 0.6335,
        "R_cap@1000": 0.76899
    },
    "Precision": {
        "P@1": 0.31975,
        "P@3": 0.16178,
        "P@5": 0.1121,
        "P@10": 0.06758,
        "P@100": 0.01145,
        "P@1000": 0.00157
    },
    "mrr": {
        "MRR@1": 0.31975,
        "MRR@3": 0.36603,
        "MRR@5": 0.37628,
        "MRR@10": 0.38462,
        "MRR@100": 0.39176,
        "MRR@1000": 0.39223
    },
    "hole": {
        "Hole@1": 0.57643,
        "Hole@3": 0.70573,
        "Hole@5": 0.7507,
        "Hole@10": 0.78981,
        "Hole@100": 0.83929,
        "Hole@1000": 0.86464
    }
}