{
    "nDCG": {
        "NDCG@1": 0.20408,
        "NDCG@3": 0.186,
        "NDCG@5": 0.21053,
        "NDCG@10": 0.20646,
        "NDCG@100": 0.32232,
        "NDCG@1000": 0.4518
    },
    "MAP": {
        "MAP@1": 0.02237,
        "MAP@3": 0.0427,
        "MAP@5": 0.0637,
        "MAP@10": 0.08683,
        "MAP@100": 0.13683,
        "MAP@1000": 0.15457
    },
    "Recall": {
        "R_cap@1": 0.22449,
        "R_cap@3": 0.19728,
        "R_cap@5": 0.22857,
        "R_cap@10": 0.21218,
        "R_cap@100": 0.44107,
        "R_cap@1000": 0.82965
    },
    "Precision": {
        "P@1": 0.22449,
        "P@3": 0.19728,
        "P@5": 0.22857,
        "P@10": 0.19388,
        "P@100": 0.0702,
        "P@1000": 0.01543
    },
    "mrr": {
        "MRR@1": 0.22449,
        "MRR@3": 0.30952,
        "MRR@5": 0.35136,
        "MRR@10": 0.36213,
        "MRR@100": 0.37739,
        "MRR@1000": 0.3775
    },
    "hole": {
        "Hole@1": 0.69388,
        "Hole@3": 0.72789,
        "Hole@5": 0.68571,
        "Hole@10": 0.71429,
        "Hole@100": 0.88612,
        "Hole@1000": 0.96551
    }
}