{
    "nDCG": {
        "NDCG@1": 0.14055,
        "NDCG@3": 0.17778,
        "NDCG@5": 0.19901,
        "NDCG@10": 0.2186,
        "NDCG@100": 0.26867,
        "NDCG@1000": 0.3037
    },
    "MAP": {
        "MAP@1": 0.11109,
        "MAP@3": 0.1527,
        "MAP@5": 0.1663,
        "MAP@10": 0.17512,
        "MAP@100": 0.18472,
        "MAP@1000": 0.18609
    },
    "Recall": {
        "R_cap@1": 0.14055,
        "R_cap@3": 0.20978,
        "R_cap@5": 0.26028,
        "R_cap@10": 0.31705,
        "R_cap@100": 0.5412,
        "R_cap@1000": 0.79402
    },
    "Precision": {
        "P@1": 0.14055,
        "P@3": 0.08706,
        "P@5": 0.06692,
        "P@10": 0.04229,
        "P@100": 0.00784,
        "P@1000": 0.00123
    },
    "mrr": {
        "MRR@1": 0.14055,
        "MRR@3": 0.18905,
        "MRR@5": 0.2018,
        "MRR@10": 0.21124,
        "MRR@100": 0.2203,
        "MRR@1000": 0.22122
    },
    "hole": {
        "Hole@1": 0.79478,
        "Hole@3": 0.82131,
        "Hole@5": 0.84179,
        "Hole@10": 0.86517,
        "Hole@100": 0.90177,
        "Hole@1000": 0.91213
    }
}