{
    "nDCG": {
        "NDCG@1": 0.2332,
        "NDCG@3": 0.26451,
        "NDCG@5": 0.28053,
        "NDCG@10": 0.29997,
        "NDCG@100": 0.35062,
        "NDCG@1000": 0.38173
    },
    "MAP": {
        "MAP@1": 0.19147,
        "MAP@3": 0.23165,
        "MAP@5": 0.2436,
        "MAP@10": 0.25364,
        "MAP@100": 0.26659,
        "MAP@1000": 0.26844
    },
    "Recall": {
        "R_cap@1": 0.2332,
        "R_cap@3": 0.29216,
        "R_cap@5": 0.33198,
        "R_cap@10": 0.38775,
        "R_cap@100": 0.61474,
        "R_cap@1000": 0.82455
    },
    "Precision": {
        "P@1": 0.2332,
        "P@3": 0.12385,
        "P@5": 0.09012,
        "P@10": 0.05771,
        "P@100": 0.01209,
        "P@1000": 0.00203
    },
    "mrr": {
        "MRR@1": 0.2332,
        "MRR@3": 0.27569,
        "MRR@5": 0.28656,
        "MRR@10": 0.29648,
        "MRR@100": 0.30546,
        "MRR@1000": 0.30626
    },
    "hole": {
        "Hole@1": 0.68379,
        "Hole@3": 0.77866,
        "Hole@5": 0.81107,
        "Hole@10": 0.8415,
        "Hole@100": 0.88955,
        "Hole@1000": 0.90308
    }
}