{
    "nDCG": {
        "NDCG@1": 0.6776,
        "NDCG@3": 0.73141,
        "NDCG@5": 0.75326,
        "NDCG@10": 0.7728,
        "NDCG@100": 0.79767,
        "NDCG@1000": 0.80183
    },
    "MAP": {
        "MAP@1": 0.58914,
        "MAP@3": 0.69096,
        "MAP@5": 0.71051,
        "MAP@10": 0.72311,
        "MAP@100": 0.73156,
        "MAP@1000": 0.73194
    },
    "Recall": {
        "R_cap@1": 0.6776,
        "R_cap@3": 0.77473,
        "R_cap@5": 0.82468,
        "R_cap@10": 0.87788,
        "R_cap@100": 0.97269,
        "R_cap@1000": 0.99623
    },
    "Precision": {
        "P@1": 0.6776,
        "P@3": 0.32047,
        "P@5": 0.2145,
        "P@10": 0.11971,
        "P@100": 0.01458,
        "P@1000": 0.00155
    },
    "mrr": {
        "MRR@1": 0.6776,
        "MRR@3": 0.74352,
        "MRR@5": 0.75415,
        "MRR@10": 0.76035,
        "MRR@100": 0.7635,
        "MRR@1000": 0.76358
    },
    "hole": {
        "Hole@1": 0.2976,
        "Hole@3": 0.64063,
        "Hole@5": 0.74252,
        "Hole@10": 0.83305,
        "Hole@100": 0.93821,
        "Hole@1000": 0.95563
    }
}