{
    "nDCG": {
        "NDCG@1": 0.23744,
        "NDCG@3": 0.27234,
        "NDCG@5": 0.28822,
        "NDCG@10": 0.31343,
        "NDCG@100": 0.36101,
        "NDCG@1000": 0.38507
    },
    "MAP": {
        "MAP@1": 0.1934,
        "MAP@3": 0.24263,
        "MAP@5": 0.25351,
        "MAP@10": 0.26512,
        "MAP@100": 0.2753,
        "MAP@1000": 0.27639
    },
    "Recall": {
        "R_cap@1": 0.23744,
        "R_cap@3": 0.30308,
        "R_cap@5": 0.33975,
        "R_cap@10": 0.41229,
        "R_cap@100": 0.6218,
        "R_cap@1000": 0.78634
    },
    "Precision": {
        "P@1": 0.23744,
        "P@3": 0.13014,
        "P@5": 0.09224,
        "P@10": 0.05776,
        "P@100": 0.00947,
        "P@1000": 0.0013
    },
    "mrr": {
        "MRR@1": 0.23744,
        "MRR@3": 0.29053,
        "MRR@5": 0.30183,
        "MRR@10": 0.31268,
        "MRR@100": 0.3204,
        "MRR@1000": 0.3211
    },
    "hole": {
        "Hole@1": 0.68721,
        "Hole@3": 0.78158,
        "Hole@5": 0.81735,
        "Hole@10": 0.85228,
        "Hole@100": 0.90669,
        "Hole@1000": 0.92566
    }
}