{
    "nDCG": {
        "NDCG@1": 0.56827,
        "NDCG@3": 0.49068,
        "NDCG@5": 0.45188,
        "NDCG@10": 0.41397,
        "NDCG@100": 0.35755,
        "NDCG@1000": 0.45431
    },
    "MAP": {
        "MAP@1": 0.02227,
        "MAP@3": 0.04966,
        "MAP@5": 0.06938,
        "MAP@10": 0.09621,
        "MAP@100": 0.16746,
        "MAP@1000": 0.19328
    },
    "Recall": {
        "R_cap@1": 0.61044,
        "R_cap@3": 0.50201,
        "R_cap@5": 0.45402,
        "R_cap@10": 0.39687,
        "R_cap@100": 0.35886,
        "R_cap@1000": 0.58834
    },
    "Precision": {
        "P@1": 0.61044,
        "P@3": 0.50201,
        "P@5": 0.45301,
        "P@10": 0.38554,
        "P@100": 0.15124,
        "P@1000": 0.03412
    },
    "mrr": {
        "MRR@1": 0.61044,
        "MRR@3": 0.69411,
        "MRR@5": 0.70335,
        "MRR@10": 0.70985,
        "MRR@100": 0.71476,
        "MRR@1000": 0.7148
    },
    "hole": {
        "Hole@1": 0.03213,
        "Hole@3": 0.04016,
        "Hole@5": 0.0506,
        "Hole@10": 0.0739,
        "Hole@100": 0.18639,
        "Hole@1000": 0.36676
    }
}