{
    "nDCG": {
        "NDCG@1": 0.00142,
        "NDCG@3": 0.20006,
        "NDCG@5": 0.27192,
        "NDCG@10": 0.3411,
        "NDCG@100": 0.39693,
        "NDCG@1000": 0.39951
    },
    "MAP": {
        "MAP@1": 0.00142,
        "MAP@3": 0.15078,
        "MAP@5": 0.19054,
        "MAP@10": 0.21905,
        "MAP@100": 0.23215,
        "MAP@1000": 0.23227
    },
    "Recall": {
        "R_cap@1": 0.00142,
        "R_cap@3": 0.34282,
        "R_cap@5": 0.51778,
        "R_cap@10": 0.73186,
        "R_cap@100": 0.97582,
        "R_cap@1000": 0.99502
    },
    "Precision": {
        "P@1": 0.00142,
        "P@3": 0.11427,
        "P@5": 0.10356,
        "P@10": 0.07319,
        "P@100": 0.00976,
        "P@1000": 0.001
    },
    "mrr": {
        "MRR@1": 0.00142,
        "MRR@3": 0.15078,
        "MRR@5": 0.19058,
        "MRR@10": 0.21909,
        "MRR@100": 0.23218,
        "MRR@1000": 0.2323
    },
    "hole": {
        "Hole@1": 0.99858,
        "Hole@3": 0.75107,
        "Hole@5": 0.70028,
        "Hole@10": 0.66117,
        "Hole@100": 0.79757,
        "Hole@1000": 0.84754
    }
}