{
    "nDCG": {
        "NDCG@1": 0.48,
        "NDCG@3": 0.55944,
        "NDCG@5": 0.58277,
        "NDCG@10": 0.60365,
        "NDCG@100": 0.63803,
        "NDCG@1000": 0.64568
    },
    "MAP": {
        "MAP@1": 0.4505,
        "MAP@3": 0.53078,
        "MAP@5": 0.54661,
        "MAP@10": 0.55625,
        "MAP@100": 0.56328,
        "MAP@1000": 0.56362
    },
    "Recall": {
        "R_cap@1": 0.48,
        "R_cap@3": 0.61611,
        "R_cap@5": 0.67106,
        "R_cap@10": 0.73267,
        "R_cap@100": 0.89267,
        "R_cap@1000": 0.951
    },
    "Precision": {
        "P@1": 0.48,
        "P@3": 0.22222,
        "P@5": 0.14867,
        "P@10": 0.08233,
        "P@100": 0.01017,
        "P@1000": 0.00108
    },
    "mrr": {
        "MRR@1": 0.48,
        "MRR@3": 0.55222,
        "MRR@5": 0.56489,
        "MRR@10": 0.57222,
        "MRR@100": 0.57825,
        "MRR@1000": 0.57857
    },
    "hole": {
        "Hole@1": 0.49333,
        "Hole@3": 0.74556,
        "Hole@5": 0.81467,
        "Hole@10": 0.86567,
        "Hole@100": 0.931,
        "Hole@1000": 0.94288
    }
}