{
    "nDCG": {
        "NDCG@1": 0.7877,
        "NDCG@3": 0.83306,
        "NDCG@5": 0.8503,
        "NDCG@10": 0.86459,
        "NDCG@100": 0.87863,
        "NDCG@1000": 0.88004
    },
    "MAP": {
        "MAP@1": 0.68529,
        "MAP@3": 0.79292,
        "MAP@5": 0.81185,
        "MAP@10": 0.82329,
        "MAP@100": 0.8298,
        "MAP@1000": 0.83001
    },
    "Recall": {
        "R_cap@1": 0.7877,
        "R_cap@3": 0.8703,
        "R_cap@5": 0.90888,
        "R_cap@10": 0.94624,
        "R_cap@100": 0.99346,
        "R_cap@1000": 0.99944
    },
    "Precision": {
        "P@1": 0.7877,
        "P@3": 0.36357,
        "P@5": 0.23976,
        "P@10": 0.13129,
        "P@100": 0.01512,
        "P@1000": 0.00156
    },
    "mrr": {
        "MRR@1": 0.7877,
        "MRR@3": 0.84563,
        "MRR@5": 0.85283,
        "MRR@10": 0.85642,
        "MRR@100": 0.85771,
        "MRR@1000": 0.85772
    },
    "hole": {
        "Hole@1": 0.1949,
        "Hole@3": 0.60007,
        "Hole@5": 0.71886,
        "Hole@10": 0.82284,
        "Hole@100": 0.93907,
        "Hole@1000": 0.9574
    }
}