{
    "nDCG": {
        "NDCG@1": 0.197,
        "NDCG@3": 0.15889,
        "NDCG@5": 0.13776,
        "NDCG@10": 0.16521,
        "NDCG@100": 0.23596,
        "NDCG@1000": 0.28571
    },
    "MAP": {
        "MAP@1": 0.04003,
        "MAP@3": 0.07114,
        "MAP@5": 0.08345,
        "MAP@10": 0.09657,
        "MAP@100": 0.11414,
        "MAP@1000": 0.11674
    },
    "Recall": {
        "R_cap@1": 0.197,
        "R_cap@3": 0.14767,
        "R_cap@5": 0.12173,
        "R_cap@10": 0.17265,
        "R_cap@100": 0.37827,
        "R_cap@1000": 0.62155
    },
    "Precision": {
        "P@1": 0.197,
        "P@3": 0.14767,
        "P@5": 0.12,
        "P@10": 0.0852,
        "P@100": 0.01864,
        "P@1000": 0.00306
    },
    "mrr": {
        "MRR@1": 0.197,
        "MRR@3": 0.259,
        "MRR@5": 0.2768,
        "MRR@10": 0.29038,
        "MRR@100": 0.30179,
        "MRR@1000": 0.30248
    },
    "hole": {
        "Hole@1": 0.0,
        "Hole@3": 0.0,
        "Hole@5": 0.0,
        "Hole@10": 0.0,
        "Hole@100": 0.0,
        "Hole@1000": 0.0
    }
}