{
    "nDCG": {
        "NDCG@1": 0.14453,
        "NDCG@3": 0.16963,
        "NDCG@5": 0.18454,
        "NDCG@10": 0.20163,
        "NDCG@100": 0.24426,
        "NDCG@1000": 0.27587
    },
    "MAP": {
        "MAP@1": 0.11746,
        "MAP@3": 0.1503,
        "MAP@5": 0.1596,
        "MAP@10": 0.16707,
        "MAP@100": 0.17532,
        "MAP@1000": 0.17649
    },
    "Recall": {
        "R_cap@1": 0.14453,
        "R_cap@3": 0.19144,
        "R_cap@5": 0.22667,
        "R_cap@10": 0.27725,
        "R_cap@100": 0.47312,
        "R_cap@1000": 0.70492
    },
    "Precision": {
        "P@1": 0.14453,
        "P@3": 0.07938,
        "P@5": 0.05877,
        "P@10": 0.03703,
        "P@100": 0.00684,
        "P@1000": 0.00111
    },
    "mrr": {
        "MRR@1": 0.14453,
        "MRR@3": 0.18003,
        "MRR@5": 0.19054,
        "MRR@10": 0.19826,
        "MRR@100": 0.20594,
        "MRR@1000": 0.20681
    },
    "hole": {
        "Hole@1": 0.75809,
        "Hole@3": 0.82829,
        "Hole@5": 0.84852,
        "Hole@10": 0.87123,
        "Hole@100": 0.907,
        "Hole@1000": 0.92169
    }
}