{
    "nDCG": {
        "NDCG@1": 0.30765,
        "NDCG@3": 0.41321,
        "NDCG@5": 0.4554,
        "NDCG@10": 0.49777,
        "NDCG@100": 0.54718,
        "NDCG@1000": 0.55547
    },
    "MAP": {
        "MAP@1": 0.2717,
        "MAP@3": 0.37456,
        "MAP@5": 0.39955,
        "MAP@10": 0.41874,
        "MAP@100": 0.43082,
        "MAP@1000": 0.43119
    },
    "Recall": {
        "R_cap@1": 0.30794,
        "R_cap@3": 0.49353,
        "R_cap@5": 0.5912,
        "R_cap@10": 0.71468,
        "R_cap@100": 0.92521,
        "R_cap@1000": 0.98605
    },
    "Precision": {
        "P@1": 0.30765,
        "P@3": 0.1911,
        "P@5": 0.13853,
        "P@10": 0.08497,
        "P@100": 0.01122,
        "P@1000": 0.0012
    },
    "mrr": {
        "MRR@1": 0.30794,
        "MRR@3": 0.40672,
        "MRR@5": 0.42868,
        "MRR@10": 0.44432,
        "MRR@100": 0.45361,
        "MRR@1000": 0.45387
    },
    "hole": {
        "Hole@1": 0.68801,
        "Hole@3": 0.80514,
        "Hole@5": 0.85771,
        "Hole@10": 0.91066,
        "Hole@100": 0.98475,
        "Hole@1000": 0.99531
    }
}