{
    "nDCG": {
        "NDCG@1": 0.29012,
        "NDCG@3": 0.25882,
        "NDCG@5": 0.27222,
        "NDCG@10": 0.29248,
        "NDCG@100": 0.36286,
        "NDCG@1000": 0.40028
    },
    "MAP": {
        "MAP@1": 0.14404,
        "MAP@3": 0.19746,
        "MAP@5": 0.21513,
        "MAP@10": 0.2278,
        "MAP@100": 0.24452,
        "MAP@1000": 0.2465
    },
    "Recall": {
        "R_cap@1": 0.29012,
        "R_cap@3": 0.26235,
        "R_cap@5": 0.29761,
        "R_cap@10": 0.35138,
        "R_cap@100": 0.61758,
        "R_cap@1000": 0.84407
    },
    "Precision": {
        "P@1": 0.29012,
        "P@3": 0.17027,
        "P@5": 0.12901,
        "P@10": 0.08148,
        "P@100": 0.01514,
        "P@1000": 0.00219
    },
    "mrr": {
        "MRR@1": 0.29012,
        "MRR@3": 0.33693,
        "MRR@5": 0.35159,
        "MRR@10": 0.362,
        "MRR@100": 0.3733,
        "MRR@1000": 0.37379
    },
    "hole": {
        "Hole@1": 0.66821,
        "Hole@3": 0.77984,
        "Hole@5": 0.8142,
        "Hole@10": 0.85617,
        "Hole@100": 0.92201,
        "Hole@1000": 0.93596
    }
}