{
    "nDCG": {
        "NDCG@1": 0.00142,
        "NDCG@3": 0.20576,
        "NDCG@5": 0.26808,
        "NDCG@10": 0.33365,
        "NDCG@100": 0.39545,
        "NDCG@1000": 0.39808
    },
    "MAP": {
        "MAP@1": 0.00142,
        "MAP@3": 0.15481,
        "MAP@5": 0.18952,
        "MAP@10": 0.21632,
        "MAP@100": 0.23104,
        "MAP@1000": 0.23115
    },
    "Recall": {
        "R_cap@1": 0.00142,
        "R_cap@3": 0.35277,
        "R_cap@5": 0.50427,
        "R_cap@10": 0.70839,
        "R_cap@100": 0.97653,
        "R_cap@1000": 0.99644
    },
    "Precision": {
        "P@1": 0.00142,
        "P@3": 0.11783,
        "P@5": 0.10085,
        "P@10": 0.07084,
        "P@100": 0.00977,
        "P@1000": 0.001
    },
    "mrr": {
        "MRR@1": 0.00142,
        "MRR@3": 0.15458,
        "MRR@5": 0.1895,
        "MRR@10": 0.2163,
        "MRR@100": 0.23101,
        "MRR@1000": 0.23113
    },
    "hole": {
        "Hole@1": 0.99858,
        "Hole@3": 0.76268,
        "Hole@5": 0.72745,
        "Hole@10": 0.68727,
        "Hole@100": 0.79734,
        "Hole@1000": 0.83964
    }
}