{
    "nDCG": {
        "NDCG@1": 0.28549,
        "NDCG@3": 0.2542,
        "NDCG@5": 0.2656,
        "NDCG@10": 0.29628,
        "NDCG@100": 0.35917,
        "NDCG@1000": 0.3965
    },
    "MAP": {
        "MAP@1": 0.13472,
        "MAP@3": 0.19054,
        "MAP@5": 0.20856,
        "MAP@10": 0.22589,
        "MAP@100": 0.24096,
        "MAP@1000": 0.24288
    },
    "Recall": {
        "R_cap@1": 0.28549,
        "R_cap@3": 0.25283,
        "R_cap@5": 0.28513,
        "R_cap@10": 0.37042,
        "R_cap@100": 0.60833,
        "R_cap@1000": 0.83587
    },
    "Precision": {
        "P@1": 0.28549,
        "P@3": 0.17078,
        "P@5": 0.1284,
        "P@10": 0.08488,
        "P@100": 0.01495,
        "P@1000": 0.00216
    },
    "mrr": {
        "MRR@1": 0.28549,
        "MRR@3": 0.33642,
        "MRR@5": 0.34799,
        "MRR@10": 0.36315,
        "MRR@100": 0.37183,
        "MRR@1000": 0.37244
    },
    "hole": {
        "Hole@1": 0.65895,
        "Hole@3": 0.77315,
        "Hole@5": 0.81605,
        "Hole@10": 0.85756,
        "Hole@100": 0.92394,
        "Hole@1000": 0.94002
    }
}