{
    "nDCG": {
        "NDCG@1": 0.074,
        "NDCG@3": 0.07184,
        "NDCG@5": 0.06856,
        "NDCG@10": 0.06814,
        "NDCG@100": 0.09283,
        "NDCG@1000": 0.11754
    },
    "MAP": {
        "MAP@1": 0.02934,
        "MAP@3": 0.04047,
        "MAP@5": 0.04224,
        "MAP@10": 0.04493,
        "MAP@100": 0.05017,
        "MAP@1000": 0.05112
    },
    "Recall": {
        "R_cap@1": 0.074,
        "R_cap@3": 0.075,
        "R_cap@5": 0.07117,
        "R_cap@10": 0.07571,
        "R_cap@100": 0.16796,
        "R_cap@1000": 0.30504
    },
    "Precision": {
        "P@1": 0.074,
        "P@3": 0.05133,
        "P@5": 0.04,
        "P@10": 0.0272,
        "P@100": 0.00646,
        "P@1000": 0.00127
    },
    "mrr": {
        "MRR@1": 0.074,
        "MRR@3": 0.10033,
        "MRR@5": 0.10763,
        "MRR@10": 0.11269,
        "MRR@100": 0.11782,
        "MRR@1000": 0.11859
    },
    "hole": {
        "Hole@1": 0.91,
        "Hole@3": 0.93533,
        "Hole@5": 0.9484,
        "Hole@10": 0.9652,
        "Hole@100": 0.99038,
        "Hole@1000": 0.9972
    }
}