{
    "nDCG": {
        "NDCG@1": 0.49,
        "NDCG@3": 0.3962,
        "NDCG@5": 0.35742,
        "NDCG@10": 0.32507,
        "NDCG@100": 0.19828,
        "NDCG@1000": 0.18883
    },
    "MAP": {
        "MAP@1": 0.00128,
        "MAP@3": 0.00284,
        "MAP@5": 0.00391,
        "MAP@10": 0.00582,
        "MAP@100": 0.01884,
        "MAP@1000": 0.0487
    },
    "Recall": {
        "R_cap@1": 0.52,
        "R_cap@3": 0.42,
        "R_cap@5": 0.364,
        "R_cap@10": 0.336,
        "R_cap@100": 0.1924,
        "R_cap@1000": 0.17816
    },
    "Precision": {
        "P@1": 0.52,
        "P@3": 0.42,
        "P@5": 0.364,
        "P@10": 0.336,
        "P@100": 0.1924,
        "P@1000": 0.0869
    },
    "mrr": {
        "MRR@1": 0.52,
        "MRR@3": 0.58333,
        "MRR@5": 0.59633,
        "MRR@10": 0.60452,
        "MRR@100": 0.61745,
        "MRR@1000": 0.61745
    },
    "hole": {
        "Hole@1": 0.32,
        "Hole@3": 0.35333,
        "Hole@5": 0.4,
        "Hole@10": 0.42,
        "Hole@100": 0.559,
        "Hole@1000": 0.62136
    }
}