{
    "nDCG": {
        "NDCG@1": 0.22321,
        "NDCG@3": 0.32825,
        "NDCG@5": 0.36823,
        "NDCG@10": 0.40638,
        "NDCG@100": 0.46191,
        "NDCG@1000": 0.47336
    },
    "MAP": {
        "MAP@1": 0.21734,
        "MAP@3": 0.29941,
        "MAP@5": 0.32188,
        "MAP@10": 0.33798,
        "MAP@100": 0.3495,
        "MAP@1000": 0.34998
    },
    "Recall": {
        "R_cap@1": 0.22307,
        "R_cap@3": 0.40497,
        "R_cap@5": 0.50074,
        "R_cap@10": 0.61667,
        "R_cap@100": 0.87351,
        "R_cap@1000": 0.95938
    },
    "Precision": {
        "P@1": 0.22321,
        "P@3": 0.14007,
        "P@5": 0.1043,
        "P@10": 0.06444,
        "P@100": 0.00922,
        "P@1000": 0.00102
    },
    "mrr": {
        "MRR@1": 0.22307,
        "MRR@3": 0.30614,
        "MRR@5": 0.32817,
        "MRR@10": 0.34388,
        "MRR@100": 0.35481,
        "MRR@1000": 0.35524
    },
    "hole": {
        "Hole@1": 0.77479,
        "Hole@3": 0.85831,
        "Hole@5": 0.89427,
        "Hole@10": 0.93405,
        "Hole@100": 0.98939,
        "Hole@1000": 0.9977
    }
}