{
    "nDCG": {
        "NDCG@1": 0.30901,
        "NDCG@3": 0.34709,
        "NDCG@5": 0.36408,
        "NDCG@10": 0.3871,
        "NDCG@100": 0.441,
        "NDCG@1000": 0.46822
    },
    "MAP": {
        "MAP@1": 0.24983,
        "MAP@3": 0.30846,
        "MAP@5": 0.32245,
        "MAP@10": 0.33484,
        "MAP@100": 0.34768,
        "MAP@1000": 0.34909
    },
    "Recall": {
        "R_cap@1": 0.30901,
        "R_cap@3": 0.38007,
        "R_cap@5": 0.42382,
        "R_cap@10": 0.4913,
        "R_cap@100": 0.71805,
        "R_cap@1000": 0.90221
    },
    "Precision": {
        "P@1": 0.30901,
        "P@3": 0.16452,
        "P@5": 0.11559,
        "P@10": 0.0711,
        "P@100": 0.01249,
        "P@1000": 0.0018
    },
    "mrr": {
        "MRR@1": 0.30901,
        "MRR@3": 0.36552,
        "MRR@5": 0.37775,
        "MRR@10": 0.38732,
        "MRR@100": 0.39618,
        "MRR@1000": 0.39677
    },
    "hole": {
        "Hole@1": 0.62804,
        "Hole@3": 0.75966,
        "Hole@5": 0.80515,
        "Hole@10": 0.84549,
        "Hole@100": 0.90778,
        "Hole@1000": 0.92666
    }
}