{
    "nDCG": {
        "NDCG@1": 0.34907,
        "NDCG@3": 0.37885,
        "NDCG@5": 0.39955,
        "NDCG@10": 0.42167,
        "NDCG@100": 0.47589,
        "NDCG@1000": 0.50398
    },
    "MAP": {
        "MAP@1": 0.28952,
        "MAP@3": 0.34181,
        "MAP@5": 0.35856,
        "MAP@10": 0.37047,
        "MAP@100": 0.38405,
        "MAP@1000": 0.38566
    },
    "Recall": {
        "R_cap@1": 0.34907,
        "R_cap@3": 0.40701,
        "R_cap@5": 0.45436,
        "R_cap@10": 0.51595,
        "R_cap@100": 0.74144,
        "R_cap@1000": 0.92806
    },
    "Precision": {
        "P@1": 0.34907,
        "P@3": 0.17597,
        "P@5": 0.12704,
        "P@10": 0.07825,
        "P@100": 0.01309,
        "P@1000": 0.00186
    },
    "mrr": {
        "MRR@1": 0.34907,
        "MRR@3": 0.40033,
        "MRR@5": 0.41414,
        "MRR@10": 0.42393,
        "MRR@100": 0.43311,
        "MRR@1000": 0.43381
    },
    "hole": {
        "Hole@1": 0.58083,
        "Hole@3": 0.73343,
        "Hole@5": 0.78054,
        "Hole@10": 0.82561,
        "Hole@100": 0.89944,
        "Hole@1000": 0.92098
    }
}