{
    "nDCG": {
        "NDCG@1": 0.31044,
        "NDCG@3": 0.35954,
        "NDCG@5": 0.36776,
        "NDCG@10": 0.38888,
        "NDCG@100": 0.43518,
        "NDCG@1000": 0.46098
    },
    "MAP": {
        "MAP@1": 0.2539,
        "MAP@3": 0.31829,
        "MAP@5": 0.32759,
        "MAP@10": 0.33862,
        "MAP@100": 0.34978,
        "MAP@1000": 0.35117
    },
    "Recall": {
        "R_cap@1": 0.31044,
        "R_cap@3": 0.39795,
        "R_cap@5": 0.4202,
        "R_cap@10": 0.48309,
        "R_cap@100": 0.68179,
        "R_cap@1000": 0.85111
    },
    "Precision": {
        "P@1": 0.31044,
        "P@3": 0.17263,
        "P@5": 0.11617,
        "P@10": 0.07124,
        "P@100": 0.01179,
        "P@1000": 0.00166
    },
    "mrr": {
        "MRR@1": 0.31044,
        "MRR@3": 0.37482,
        "MRR@5": 0.38226,
        "MRR@10": 0.39259,
        "MRR@100": 0.39976,
        "MRR@1000": 0.40043
    },
    "hole": {
        "Hole@1": 0.62232,
        "Hole@3": 0.74583,
        "Hole@5": 0.79886,
        "Hole@10": 0.84878,
        "Hole@100": 0.91023,
        "Hole@1000": 0.92941
    }
}