{
    "nDCG": {
        "NDCG@1": 0.48538,
        "NDCG@3": 0.4173,
        "NDCG@5": 0.39224,
        "NDCG@10": 0.35827,
        "NDCG@100": 0.3607,
        "NDCG@1000": 0.43488
    },
    "MAP": {
        "MAP@1": 0.01891,
        "MAP@3": 0.04018,
        "MAP@5": 0.05496,
        "MAP@10": 0.08344,
        "MAP@100": 0.16373,
        "MAP@1000": 0.1837
    },
    "Recall": {
        "R_cap@1": 0.59649,
        "R_cap@3": 0.50292,
        "R_cap@5": 0.46316,
        "R_cap@10": 0.39927,
        "R_cap@100": 0.37832,
        "R_cap@1000": 0.55881
    },
    "Precision": {
        "P@1": 0.59649,
        "P@3": 0.50292,
        "P@5": 0.46316,
        "P@10": 0.39649,
        "P@100": 0.14667,
        "P@1000": 0.02677
    },
    "mrr": {
        "MRR@1": 0.59649,
        "MRR@3": 0.67251,
        "MRR@5": 0.68918,
        "MRR@10": 0.69113,
        "MRR@100": 0.6973,
        "MRR@1000": 0.6973
    },
    "hole": {
        "Hole@1": 0.08772,
        "Hole@3": 0.21053,
        "Hole@5": 0.2386,
        "Hole@10": 0.34561,
        "Hole@100": 0.64175,
        "Hole@1000": 0.88193
    }
}