{
    "nDCG": {
        "NDCG@1": 0.21824,
        "NDCG@3": 0.19077,
        "NDCG@5": 0.20731,
        "NDCG@10": 0.23999,
        "NDCG@100": 0.31996,
        "NDCG@1000": 0.36061
    },
    "MAP": {
        "MAP@1": 0.09915,
        "MAP@3": 0.13948,
        "MAP@5": 0.15298,
        "MAP@10": 0.16686,
        "MAP@100": 0.18583,
        "MAP@1000": 0.18812
    },
    "Recall": {
        "R_cap@1": 0.21824,
        "R_cap@3": 0.18936,
        "R_cap@5": 0.2222,
        "R_cap@10": 0.29623,
        "R_cap@100": 0.57495,
        "R_cap@1000": 0.80157
    },
    "Precision": {
        "P@1": 0.21824,
        "P@3": 0.1392,
        "P@5": 0.10893,
        "P@10": 0.07583,
        "P@100": 0.01616,
        "P@1000": 0.00237
    },
    "mrr": {
        "MRR@1": 0.21824,
        "MRR@3": 0.28512,
        "MRR@5": 0.30379,
        "MRR@10": 0.32036,
        "MRR@100": 0.33221,
        "MRR@1000": 0.33268
    },
    "hole": {
        "Hole@1": 0.4886,
        "Hole@3": 0.57481,
        "Hole@5": 0.61264,
        "Hole@10": 0.65544,
        "Hole@100": 0.77461,
        "Hole@1000": 0.89517
    }
}