{
    "nDCG": {
        "NDCG@1": 0.14984,
        "NDCG@3": 0.13896,
        "NDCG@5": 0.15121,
        "NDCG@10": 0.17854,
        "NDCG@100": 0.2482,
        "NDCG@1000": 0.27793
    },
    "MAP": {
        "MAP@1": 0.06789,
        "MAP@3": 0.09793,
        "MAP@5": 0.10797,
        "MAP@10": 0.11885,
        "MAP@100": 0.1339,
        "MAP@1000": 0.13554
    },
    "Recall": {
        "R_cap@1": 0.14984,
        "R_cap@3": 0.14093,
        "R_cap@5": 0.16594,
        "R_cap@10": 0.22895,
        "R_cap@100": 0.47765,
        "R_cap@1000": 0.6413
    },
    "Precision": {
        "P@1": 0.14984,
        "P@3": 0.1038,
        "P@5": 0.08143,
        "P@10": 0.05811,
        "P@100": 0.01327,
        "P@1000": 0.00186
    },
    "mrr": {
        "MRR@1": 0.14984,
        "MRR@3": 0.21097,
        "MRR@5": 0.22621,
        "MRR@10": 0.24177,
        "MRR@100": 0.2533,
        "MRR@1000": 0.25388
    },
    "hole": {
        "Hole@1": 0.57915,
        "Hole@3": 0.64235,
        "Hole@5": 0.67792,
        "Hole@10": 0.71094,
        "Hole@100": 0.82646,
        "Hole@1000": 0.93935
    }
}