{
    "nDCG": {
        "NDCG@1": 0.38854,
        "NDCG@3": 0.36325,
        "NDCG@5": 0.33822,
        "NDCG@10": 0.30924,
        "NDCG@100": 0.28349,
        "NDCG@1000": 0.37541
    },
    "MAP": {
        "MAP@1": 0.04962,
        "MAP@3": 0.08419,
        "MAP@5": 0.09651,
        "MAP@10": 0.11199,
        "MAP@100": 0.14069,
        "MAP@1000": 0.15514
    },
    "Recall": {
        "R_cap@1": 0.40248,
        "R_cap@3": 0.36326,
        "R_cap@5": 0.32704,
        "R_cap@10": 0.28946,
        "R_cap@100": 0.29774,
        "R_cap@1000": 0.61195
    },
    "Precision": {
        "P@1": 0.40248,
        "P@3": 0.34365,
        "P@5": 0.29226,
        "P@10": 0.23065,
        "P@100": 0.07412,
        "P@1000": 0.02082
    },
    "mrr": {
        "MRR@1": 0.40248,
        "MRR@3": 0.47317,
        "MRR@5": 0.48664,
        "MRR@10": 0.49473,
        "MRR@100": 0.50175,
        "MRR@1000": 0.50227
    },
    "hole": {
        "Hole@1": 0.08359,
        "Hole@3": 0.07637,
        "Hole@5": 0.08916,
        "Hole@10": 0.10062,
        "Hole@100": 0.12957,
        "Hole@1000": 0.13547
    }
}