{
    "nDCG": {
        "NDCG@1": 0.61044,
        "NDCG@3": 0.55047,
        "NDCG@5": 0.51553,
        "NDCG@10": 0.47472,
        "NDCG@100": 0.41521,
        "NDCG@1000": 0.51673
    },
    "MAP": {
        "MAP@1": 0.0252,
        "MAP@3": 0.05853,
        "MAP@5": 0.08267,
        "MAP@10": 0.11581,
        "MAP@100": 0.20754,
        "MAP@1000": 0.23868
    },
    "Recall": {
        "R_cap@1": 0.66667,
        "R_cap@3": 0.5743,
        "R_cap@5": 0.52309,
        "R_cap@10": 0.46015,
        "R_cap@100": 0.42186,
        "R_cap@1000": 0.65782
    },
    "Precision": {
        "P@1": 0.66667,
        "P@3": 0.5743,
        "P@5": 0.52209,
        "P@10": 0.44458,
        "P@100": 0.17859,
        "P@1000": 0.03869
    },
    "mrr": {
        "MRR@1": 0.66667,
        "MRR@3": 0.73561,
        "MRR@5": 0.74465,
        "MRR@10": 0.75257,
        "MRR@100": 0.75605,
        "MRR@1000": 0.75614
    },
    "hole": {
        "Hole@1": 0.01205,
        "Hole@3": 0.02677,
        "Hole@5": 0.03213,
        "Hole@10": 0.03815,
        "Hole@100": 0.14253,
        "Hole@1000": 0.32687
    }
}