{
    "nDCG": {
        "NDCG@1": 0.406,
        "NDCG@3": 0.38728,
        "NDCG@5": 0.38124,
        "NDCG@10": 0.38382,
        "NDCG@100": 0.44309,
        "NDCG@1000": 0.47501
    },
    "MAP": {
        "MAP@1": 0.20229,
        "MAP@3": 0.26056,
        "MAP@5": 0.28025,
        "MAP@10": 0.30047,
        "MAP@100": 0.32366,
        "MAP@1000": 0.32589
    },
    "Recall": {
        "R_cap@1": 0.408,
        "R_cap@3": 0.39267,
        "R_cap@5": 0.39587,
        "R_cap@10": 0.41845,
        "R_cap@100": 0.60964,
        "R_cap@1000": 0.76714
    },
    "Precision": {
        "P@1": 0.406,
        "P@3": 0.25733,
        "P@5": 0.196,
        "P@10": 0.1338,
        "P@100": 0.02508,
        "P@1000": 0.00344
    },
    "mrr": {
        "MRR@1": 0.408,
        "MRR@3": 0.47133,
        "MRR@5": 0.48303,
        "MRR@10": 0.49205,
        "MRR@100": 0.49883,
        "MRR@1000": 0.49914
    },
    "hole": {
        "Hole@1": 0.566,
        "Hole@3": 0.71267,
        "Hole@5": 0.7776,
        "Hole@10": 0.849,
        "Hole@100": 0.9685,
        "Hole@1000": 0.9943
    }
}