{
    "nDCG": {
        "NDCG@1": 0.64,
        "NDCG@3": 0.62827,
        "NDCG@5": 0.58161,
        "NDCG@10": 0.51343,
        "NDCG@100": 0.35561,
        "NDCG@1000": 0.31297
    },
    "MAP": {
        "MAP@1": 0.00186,
        "MAP@3": 0.00483,
        "MAP@5": 0.00661,
        "MAP@10": 0.01053,
        "MAP@100": 0.04769,
        "MAP@1000": 0.11902
    },
    "Recall": {
        "R_cap@1": 0.7,
        "R_cap@3": 0.68,
        "R_cap@5": 0.604,
        "R_cap@10": 0.532,
        "R_cap@100": 0.361,
        "R_cap@1000": 0.29551
    },
    "Precision": {
        "P@1": 0.7,
        "P@3": 0.68,
        "P@5": 0.608,
        "P@10": 0.532,
        "P@100": 0.361,
        "P@1000": 0.14586
    },
    "mrr": {
        "MRR@1": 0.7,
        "MRR@3": 0.78,
        "MRR@5": 0.78,
        "MRR@10": 0.79044,
        "MRR@100": 0.79156,
        "MRR@1000": 0.79156
    },
    "hole": {
        "Hole@1": 0.14,
        "Hole@3": 0.22,
        "Hole@5": 0.248,
        "Hole@10": 0.266,
        "Hole@100": 0.3644,
        "Hole@1000": 0.49322
    }
}