{
    "nDCG": {
        "NDCG@1": 0.197,
        "NDCG@3": 0.1596,
        "NDCG@5": 0.13747,
        "NDCG@10": 0.16492,
        "NDCG@100": 0.23602,
        "NDCG@1000": 0.28601
    },
    "MAP": {
        "MAP@1": 0.04003,
        "MAP@3": 0.07138,
        "MAP@5": 0.08334,
        "MAP@10": 0.09648,
        "MAP@100": 0.11426,
        "MAP@1000": 0.11686
    },
    "Recall": {
        "R_cap@1": 0.197,
        "R_cap@3": 0.14867,
        "R_cap@5": 0.12113,
        "R_cap@10": 0.1719,
        "R_cap@100": 0.37807,
        "R_cap@1000": 0.62275
    },
    "Precision": {
        "P@1": 0.197,
        "P@3": 0.14867,
        "P@5": 0.1194,
        "P@10": 0.0848,
        "P@100": 0.01863,
        "P@1000": 0.00307
    },
    "mrr": {
        "MRR@1": 0.197,
        "MRR@3": 0.25983,
        "MRR@5": 0.27693,
        "MRR@10": 0.29032,
        "MRR@100": 0.30206,
        "MRR@1000": 0.30276
    },
    "hole": {
        "Hole@1": 0.0,
        "Hole@3": 0.0,
        "Hole@5": 0.0,
        "Hole@10": 0.0,
        "Hole@100": 0.0,
        "Hole@1000": 0.0
    }
}