{
    "nDCG": {
        "NDCG@1": 0.39175,
        "NDCG@3": 0.34131,
        "NDCG@5": 0.31086,
        "NDCG@10": 0.27767,
        "NDCG@100": 0.30301,
        "NDCG@1000": 0.36758
    },
    "MAP": {
        "MAP@1": 0.02866,
        "MAP@3": 0.05952,
        "MAP@5": 0.07624,
        "MAP@10": 0.10304,
        "MAP@100": 0.1505,
        "MAP@1000": 0.15845
    },
    "Recall": {
        "R_cap@1": 0.42268,
        "R_cap@3": 0.34708,
        "R_cap@5": 0.29691,
        "R_cap@10": 0.25215,
        "R_cap@100": 0.32241,
        "R_cap@1000": 0.53981
    },
    "Precision": {
        "P@1": 0.41237,
        "P@3": 0.33677,
        "P@5": 0.29691,
        "P@10": 0.23608,
        "P@100": 0.06619,
        "P@1000": 0.01104
    },
    "mrr": {
        "MRR@1": 0.42268,
        "MRR@3": 0.46048,
        "MRR@5": 0.47027,
        "MRR@10": 0.48093,
        "MRR@100": 0.48751,
        "MRR@1000": 0.48782
    },
    "hole": {
        "Hole@1": 0.56701,
        "Hole@3": 0.63918,
        "Hole@5": 0.69485,
        "Hole@10": 0.75464,
        "Hole@100": 0.93124,
        "Hole@1000": 0.98772
    }
}