{
    "nDCG": {
        "NDCG@1": 0.115,
        "NDCG@3": 0.09745,
        "NDCG@5": 0.08915,
        "NDCG@10": 0.11092,
        "NDCG@100": 0.17165,
        "NDCG@1000": 0.23166
    },
    "MAP": {
        "MAP@1": 0.02338,
        "MAP@3": 0.04043,
        "MAP@5": 0.04947,
        "MAP@10": 0.05862,
        "MAP@100": 0.07239,
        "MAP@1000": 0.07534
    },
    "Recall": {
        "R_cap@1": 0.115,
        "R_cap@3": 0.09233,
        "R_cap@5": 0.08227,
        "R_cap@10": 0.12247,
        "R_cap@100": 0.30475,
        "R_cap@1000": 0.59878
    },
    "Precision": {
        "P@1": 0.115,
        "P@3": 0.09233,
        "P@5": 0.081,
        "P@10": 0.0604,
        "P@100": 0.01499,
        "P@1000": 0.00295
    },
    "mrr": {
        "MRR@1": 0.115,
        "MRR@3": 0.16983,
        "MRR@5": 0.18638,
        "MRR@10": 0.19849,
        "MRR@100": 0.20832,
        "MRR@1000": 0.2094
    },
    "hole": {
        "Hole@1": 0.0,
        "Hole@3": 0.0,
        "Hole@5": 0.0,
        "Hole@10": 0.0,
        "Hole@100": 0.0,
        "Hole@1000": 0.0
    }
}