{
    "nDCG": {
        "NDCG@1": 0.14155,
        "NDCG@3": 0.17173,
        "NDCG@5": 0.18867,
        "NDCG@10": 0.21341,
        "NDCG@100": 0.27063,
        "NDCG@1000": 0.30557
    },
    "MAP": {
        "MAP@1": 0.11391,
        "MAP@3": 0.14969,
        "MAP@5": 0.16063,
        "MAP@10": 0.17157,
        "MAP@100": 0.18263,
        "MAP@1000": 0.18401
    },
    "Recall": {
        "R_cap@1": 0.14155,
        "R_cap@3": 0.19616,
        "R_cap@5": 0.23497,
        "R_cap@10": 0.30763,
        "R_cap@100": 0.56515,
        "R_cap@1000": 0.81608
    },
    "Precision": {
        "P@1": 0.14155,
        "P@3": 0.08524,
        "P@5": 0.06416,
        "P@10": 0.04281,
        "P@100": 0.00854,
        "P@1000": 0.00133
    },
    "mrr": {
        "MRR@1": 0.14155,
        "MRR@3": 0.18436,
        "MRR@5": 0.19572,
        "MRR@10": 0.20589,
        "MRR@100": 0.21559,
        "MRR@1000": 0.21652
    },
    "hole": {
        "Hole@1": 0.75457,
        "Hole@3": 0.81431,
        "Hole@5": 0.8395,
        "Hole@10": 0.85959,
        "Hole@100": 0.91097,
        "Hole@1000": 0.92971
    }
}