{
    "nDCG": {
        "NDCG@1": 0.24813,
        "NDCG@3": 0.27793,
        "NDCG@5": 0.29446,
        "NDCG@10": 0.31321,
        "NDCG@100": 0.359,
        "NDCG@1000": 0.38937
    },
    "MAP": {
        "MAP@1": 0.2141,
        "MAP@3": 0.25506,
        "MAP@5": 0.26567,
        "MAP@10": 0.27361,
        "MAP@100": 0.28257,
        "MAP@1000": 0.28375
    },
    "Recall": {
        "R_cap@1": 0.24813,
        "R_cap@3": 0.30581,
        "R_cap@5": 0.34565,
        "R_cap@10": 0.39947,
        "R_cap@100": 0.60616,
        "R_cap@1000": 0.82668
    },
    "Precision": {
        "P@1": 0.24813,
        "P@3": 0.1222,
        "P@5": 0.0847,
        "P@10": 0.05009,
        "P@100": 0.00823,
        "P@1000": 0.0012
    },
    "mrr": {
        "MRR@1": 0.24813,
        "MRR@3": 0.29058,
        "MRR@5": 0.30121,
        "MRR@10": 0.31012,
        "MRR@100": 0.31787,
        "MRR@1000": 0.31867
    },
    "hole": {
        "Hole@1": 0.68377,
        "Hole@3": 0.81188,
        "Hole@5": 0.84795,
        "Hole@10": 0.88601,
        "Hole@100": 0.93587,
        "Hole@1000": 0.95223
    }
}