{
    "nDCG": {
        "NDCG@1": 0.25296,
        "NDCG@3": 0.29666,
        "NDCG@5": 0.31297,
        "NDCG@10": 0.33331,
        "NDCG@100": 0.39129,
        "NDCG@1000": 0.4227
    },
    "MAP": {
        "MAP@1": 0.21451,
        "MAP@3": 0.26328,
        "MAP@5": 0.2744,
        "MAP@10": 0.28467,
        "MAP@100": 0.29999,
        "MAP@1000": 0.3022
    },
    "Recall": {
        "R_cap@1": 0.25296,
        "R_cap@3": 0.33169,
        "R_cap@5": 0.36874,
        "R_cap@10": 0.42522,
        "R_cap@100": 0.6814,
        "R_cap@1000": 0.88986
    },
    "Precision": {
        "P@1": 0.25296,
        "P@3": 0.13768,
        "P@5": 0.1004,
        "P@10": 0.06383,
        "P@100": 0.01368,
        "P@1000": 0.00228
    },
    "mrr": {
        "MRR@1": 0.25296,
        "MRR@3": 0.30567,
        "MRR@5": 0.31683,
        "MRR@10": 0.32701,
        "MRR@100": 0.33647,
        "MRR@1000": 0.33722
    },
    "hole": {
        "Hole@1": 0.66206,
        "Hole@3": 0.75296,
        "Hole@5": 0.79328,
        "Hole@10": 0.82866,
        "Hole@100": 0.87779,
        "Hole@1000": 0.89277
    }
}