{
    "nDCG": {
        "NDCG@1": 0.42544,
        "NDCG@3": 0.4413,
        "NDCG@5": 0.45086,
        "NDCG@10": 0.42623,
        "NDCG@100": 0.45284,
        "NDCG@1000": 0.56221
    },
    "MAP": {
        "MAP@1": 0.01954,
        "MAP@3": 0.04937,
        "MAP@5": 0.07669,
        "MAP@10": 0.12096,
        "MAP@100": 0.25521,
        "MAP@1000": 0.29065
    },
    "Recall": {
        "R_cap@1": 0.5614,
        "R_cap@3": 0.59649,
        "R_cap@5": 0.58246,
        "R_cap@10": 0.50792,
        "R_cap@100": 0.50023,
        "R_cap@1000": 0.77491
    },
    "Precision": {
        "P@1": 0.5614,
        "P@3": 0.59649,
        "P@5": 0.58246,
        "P@10": 0.49474,
        "P@100": 0.19614,
        "P@1000": 0.0377
    },
    "mrr": {
        "MRR@1": 0.5614,
        "MRR@3": 0.69298,
        "MRR@5": 0.70175,
        "MRR@10": 0.7076,
        "MRR@100": 0.71129,
        "MRR@1000": 0.7114
    },
    "hole": {
        "Hole@1": 0.12281,
        "Hole@3": 0.12865,
        "Hole@5": 0.15088,
        "Hole@10": 0.22105,
        "Hole@100": 0.5307,
        "Hole@1000": 0.82912
    }
}