{
    "nDCG": {
        "NDCG@1": 0.5502,
        "NDCG@3": 0.4985,
        "NDCG@5": 0.46594,
        "NDCG@10": 0.43526,
        "NDCG@100": 0.3755,
        "NDCG@1000": 0.47468
    },
    "MAP": {
        "MAP@1": 0.02401,
        "MAP@3": 0.05322,
        "MAP@5": 0.07083,
        "MAP@10": 0.10252,
        "MAP@100": 0.17964,
        "MAP@1000": 0.20727
    },
    "Recall": {
        "R_cap@1": 0.60643,
        "R_cap@3": 0.51807,
        "R_cap@5": 0.47329,
        "R_cap@10": 0.42379,
        "R_cap@100": 0.38343,
        "R_cap@1000": 0.61755
    },
    "Precision": {
        "P@1": 0.60643,
        "P@3": 0.51807,
        "P@5": 0.47229,
        "P@10": 0.41044,
        "P@100": 0.16036,
        "P@1000": 0.03576
    },
    "mrr": {
        "MRR@1": 0.60643,
        "MRR@3": 0.67871,
        "MRR@5": 0.69357,
        "MRR@10": 0.7028,
        "MRR@100": 0.70764,
        "MRR@1000": 0.70774
    },
    "hole": {
        "Hole@1": 0.04016,
        "Hole@3": 0.03347,
        "Hole@5": 0.04257,
        "Hole@10": 0.05261,
        "Hole@100": 0.16197,
        "Hole@1000": 0.34549
    }
}