{
    "nDCG": {
        "NDCG@1": 0.37629,
        "NDCG@3": 0.33962,
        "NDCG@5": 0.30608,
        "NDCG@10": 0.26865,
        "NDCG@100": 0.2818,
        "NDCG@1000": 0.34544
    },
    "MAP": {
        "MAP@1": 0.0287,
        "MAP@3": 0.05734,
        "MAP@5": 0.06999,
        "MAP@10": 0.09418,
        "MAP@100": 0.13884,
        "MAP@1000": 0.14708
    },
    "Recall": {
        "R_cap@1": 0.41237,
        "R_cap@3": 0.34021,
        "R_cap@5": 0.29278,
        "R_cap@10": 0.23589,
        "R_cap@100": 0.28683,
        "R_cap@1000": 0.49099
    },
    "Precision": {
        "P@1": 0.41237,
        "P@3": 0.33677,
        "P@5": 0.28866,
        "P@10": 0.22474,
        "P@100": 0.0601,
        "P@1000": 0.01037
    },
    "mrr": {
        "MRR@1": 0.41237,
        "MRR@3": 0.45361,
        "MRR@5": 0.46443,
        "MRR@10": 0.47281,
        "MRR@100": 0.47925,
        "MRR@1000": 0.47971
    },
    "hole": {
        "Hole@1": 0.57732,
        "Hole@3": 0.64605,
        "Hole@5": 0.69897,
        "Hole@10": 0.76804,
        "Hole@100": 0.93763,
        "Hole@1000": 0.98807
    }
}