{
    "nDCG": {
        "NDCG@1": 0.21629,
        "NDCG@3": 0.19036,
        "NDCG@5": 0.20549,
        "NDCG@10": 0.23793,
        "NDCG@100": 0.31874,
        "NDCG@1000": 0.35946
    },
    "MAP": {
        "MAP@1": 0.09848,
        "MAP@3": 0.13875,
        "MAP@5": 0.15155,
        "MAP@10": 0.16531,
        "MAP@100": 0.18455,
        "MAP@1000": 0.18684
    },
    "Recall": {
        "R_cap@1": 0.21629,
        "R_cap@3": 0.18969,
        "R_cap@5": 0.21996,
        "R_cap@10": 0.29321,
        "R_cap@100": 0.5749,
        "R_cap@1000": 0.80206
    },
    "Precision": {
        "P@1": 0.21629,
        "P@3": 0.13963,
        "P@5": 0.10788,
        "P@10": 0.07518,
        "P@100": 0.01616,
        "P@1000": 0.00237
    },
    "mrr": {
        "MRR@1": 0.21629,
        "MRR@3": 0.28436,
        "MRR@5": 0.30179,
        "MRR@10": 0.31832,
        "MRR@100": 0.33034,
        "MRR@1000": 0.33079
    },
    "hole": {
        "Hole@1": 0.49055,
        "Hole@3": 0.57481,
        "Hole@5": 0.6142,
        "Hole@10": 0.65609,
        "Hole@100": 0.77457,
        "Hole@1000": 0.89515
    }
}