{
    "nDCG": {
        "NDCG@1": 0.45875,
        "NDCG@3": 0.36864,
        "NDCG@5": 0.34742,
        "NDCG@10": 0.33284,
        "NDCG@100": 0.37358,
        "NDCG@1000": 0.45203
    },
    "MAP": {
        "MAP@1": 0.06827,
        "MAP@3": 0.10122,
        "MAP@5": 0.11717,
        "MAP@10": 0.14303,
        "MAP@100": 0.2066,
        "MAP@1000": 0.22194
    },
    "Recall": {
        "R_cap@1": 0.575,
        "R_cap@3": 0.4175,
        "R_cap@5": 0.38033,
        "R_cap@10": 0.34772,
        "R_cap@100": 0.44819,
        "R_cap@1000": 0.69736
    },
    "Precision": {
        "P@1": 0.575,
        "P@3": 0.4,
        "P@5": 0.3475,
        "P@10": 0.27825,
        "P@100": 0.0898,
        "P@1000": 0.01998
    },
    "mrr": {
        "MRR@1": 0.575,
        "MRR@3": 0.64125,
        "MRR@5": 0.65175,
        "MRR@10": 0.65848,
        "MRR@100": 0.66445,
        "MRR@1000": 0.6646
    },
    "hole": {
        "Hole@1": 0.305,
        "Hole@3": 0.44083,
        "Hole@5": 0.485,
        "Hole@10": 0.555,
        "Hole@100": 0.80463,
        "Hole@1000": 0.93288
    }
}