{
    "nDCG": {
        "NDCG@1": 0.20245,
        "NDCG@3": 0.24879,
        "NDCG@5": 0.26168,
        "NDCG@10": 0.27902,
        "NDCG@100": 0.31891,
        "NDCG@1000": 0.3442
    },
    "MAP": {
        "MAP@1": 0.17637,
        "MAP@3": 0.22552,
        "MAP@5": 0.23344,
        "MAP@10": 0.24121,
        "MAP@100": 0.24935,
        "MAP@1000": 0.25024
    },
    "Recall": {
        "R_cap@1": 0.20245,
        "R_cap@3": 0.28655,
        "R_cap@5": 0.31889,
        "R_cap@10": 0.36843,
        "R_cap@100": 0.54977,
        "R_cap@1000": 0.74078
    },
    "Precision": {
        "P@1": 0.20245,
        "P@3": 0.11094,
        "P@5": 0.07454,
        "P@10": 0.04433,
        "P@100": 0.00684,
        "P@1000": 0.00097
    },
    "mrr": {
        "MRR@1": 0.20245,
        "MRR@3": 0.25256,
        "MRR@5": 0.26038,
        "MRR@10": 0.26798,
        "MRR@100": 0.27538,
        "MRR@1000": 0.27612
    },
    "hole": {
        "Hole@1": 0.75307,
        "Hole@3": 0.85481,
        "Hole@5": 0.88896,
        "Hole@10": 0.91794,
        "Hole@100": 0.96296,
        "Hole@1000": 0.97582
    }
}