{
    "nDCG": {
        "NDCG@1": 0.19542,
        "NDCG@3": 0.29441,
        "NDCG@5": 0.33311,
        "NDCG@10": 0.37159,
        "NDCG@100": 0.43232,
        "NDCG@1000": 0.44679
    },
    "MAP": {
        "MAP@1": 0.19021,
        "MAP@3": 0.2674,
        "MAP@5": 0.28902,
        "MAP@10": 0.30531,
        "MAP@100": 0.31767,
        "MAP@1000": 0.31824
    },
    "Recall": {
        "R_cap@1": 0.19527,
        "R_cap@3": 0.36729,
        "R_cap@5": 0.46009,
        "R_cap@10": 0.57654,
        "R_cap@100": 0.85979,
        "R_cap@1000": 0.97053
    },
    "Precision": {
        "P@1": 0.19542,
        "P@3": 0.1266,
        "P@5": 0.09562,
        "P@10": 0.06021,
        "P@100": 0.00908,
        "P@1000": 0.00103
    },
    "mrr": {
        "MRR@1": 0.19527,
        "MRR@3": 0.27302,
        "MRR@5": 0.29444,
        "MRR@10": 0.31029,
        "MRR@100": 0.32217,
        "MRR@1000": 0.32268
    },
    "hole": {
        "Hole@1": 0.80301,
        "Hole@3": 0.87187,
        "Hole@5": 0.90295,
        "Hole@10": 0.93845,
        "Hole@100": 0.98959,
        "Hole@1000": 0.99769
    }
}