{
    "nDCG": {
        "NDCG@1": 0.172,
        "NDCG@3": 0.13317,
        "NDCG@5": 0.11759,
        "NDCG@10": 0.13965,
        "NDCG@100": 0.20089,
        "NDCG@1000": 0.24232
    },
    "MAP": {
        "MAP@1": 0.03498,
        "MAP@3": 0.05919,
        "MAP@5": 0.07015,
        "MAP@10": 0.08075,
        "MAP@100": 0.09496,
        "MAP@1000": 0.09706
    },
    "Recall": {
        "R_cap@1": 0.172,
        "R_cap@3": 0.12233,
        "R_cap@5": 0.10368,
        "R_cap@10": 0.14388,
        "R_cap@100": 0.32345,
        "R_cap@1000": 0.52298
    },
    "Precision": {
        "P@1": 0.172,
        "P@3": 0.12233,
        "P@5": 0.1024,
        "P@10": 0.071,
        "P@100": 0.01593,
        "P@1000": 0.00257
    },
    "mrr": {
        "MRR@1": 0.172,
        "MRR@3": 0.223,
        "MRR@5": 0.24145,
        "MRR@10": 0.25267,
        "MRR@100": 0.26402,
        "MRR@1000": 0.26488
    },
    "hole": {
        "Hole@1": 0.0,
        "Hole@3": 0.0,
        "Hole@5": 0.0,
        "Hole@10": 0.0,
        "Hole@100": 0.0,
        "Hole@1000": 0.0
    }
}