{
    "nDCG": {
        "NDCG@1": 0.3866,
        "NDCG@3": 0.34988,
        "NDCG@5": 0.32716,
        "NDCG@10": 0.27653,
        "NDCG@100": 0.29487,
        "NDCG@1000": 0.36363
    },
    "MAP": {
        "MAP@1": 0.02705,
        "MAP@3": 0.0607,
        "MAP@5": 0.08097,
        "MAP@10": 0.10376,
        "MAP@100": 0.14876,
        "MAP@1000": 0.15737
    },
    "Recall": {
        "R_cap@1": 0.42268,
        "R_cap@3": 0.35739,
        "R_cap@5": 0.31753,
        "R_cap@10": 0.24299,
        "R_cap@100": 0.30729,
        "R_cap@1000": 0.5302
    },
    "Precision": {
        "P@1": 0.41237,
        "P@3": 0.35052,
        "P@5": 0.31546,
        "P@10": 0.22887,
        "P@100": 0.06258,
        "P@1000": 0.01099
    },
    "mrr": {
        "MRR@1": 0.42268,
        "MRR@3": 0.45361,
        "MRR@5": 0.47216,
        "MRR@10": 0.47858,
        "MRR@100": 0.48536,
        "MRR@1000": 0.48573
    },
    "hole": {
        "Hole@1": 0.56701,
        "Hole@3": 0.62887,
        "Hole@5": 0.67423,
        "Hole@10": 0.76289,
        "Hole@100": 0.93515,
        "Hole@1000": 0.98758
    }
}