{
    "nDCG": {
        "NDCG@1": 0.20977,
        "NDCG@3": 0.19024,
        "NDCG@5": 0.20681,
        "NDCG@10": 0.24137,
        "NDCG@100": 0.32275,
        "NDCG@1000": 0.36149
    },
    "MAP": {
        "MAP@1": 0.09345,
        "MAP@3": 0.13711,
        "MAP@5": 0.15064,
        "MAP@10": 0.16588,
        "MAP@100": 0.18522,
        "MAP@1000": 0.18736
    },
    "Recall": {
        "R_cap@1": 0.20977,
        "R_cap@3": 0.19153,
        "R_cap@5": 0.22546,
        "R_cap@10": 0.30216,
        "R_cap@100": 0.58875,
        "R_cap@1000": 0.8062
    },
    "Precision": {
        "P@1": 0.20977,
        "P@3": 0.14115,
        "P@5": 0.1101,
        "P@10": 0.07792,
        "P@100": 0.01657,
        "P@1000": 0.00238
    },
    "mrr": {
        "MRR@1": 0.20977,
        "MRR@3": 0.28393,
        "MRR@5": 0.30321,
        "MRR@10": 0.31993,
        "MRR@100": 0.33081,
        "MRR@1000": 0.3313
    },
    "hole": {
        "Hole@1": 0.46775,
        "Hole@3": 0.56004,
        "Hole@5": 0.60156,
        "Hole@10": 0.64684,
        "Hole@100": 0.77106,
        "Hole@1000": 0.8953
    }
}