{
    "nDCG": {
        "NDCG@1": 0.16352,
        "NDCG@3": 0.13859,
        "NDCG@5": 0.1491,
        "NDCG@10": 0.17471,
        "NDCG@100": 0.24718,
        "NDCG@1000": 0.2917
    },
    "MAP": {
        "MAP@1": 0.07223,
        "MAP@3": 0.09777,
        "MAP@5": 0.10699,
        "MAP@10": 0.11738,
        "MAP@100": 0.13268,
        "MAP@1000": 0.13495
    },
    "Recall": {
        "R_cap@1": 0.16352,
        "R_cap@3": 0.13616,
        "R_cap@5": 0.15848,
        "R_cap@10": 0.21622,
        "R_cap@100": 0.47691,
        "R_cap@1000": 0.73004
    },
    "Precision": {
        "P@1": 0.16352,
        "P@3": 0.10228,
        "P@5": 0.07883,
        "P@10": 0.05609,
        "P@100": 0.01328,
        "P@1000": 0.00215
    },
    "mrr": {
        "MRR@1": 0.16352,
        "MRR@3": 0.2165,
        "MRR@5": 0.23031,
        "MRR@10": 0.24449,
        "MRR@100": 0.25685,
        "MRR@1000": 0.25756
    },
    "hole": {
        "Hole@1": 0.56352,
        "Hole@3": 0.63909,
        "Hole@5": 0.67531,
        "Hole@10": 0.71218,
        "Hole@100": 0.81885,
        "Hole@1000": 0.91532
    }
}