{
    "nDCG": {
        "NDCG@1": 0.22108,
        "NDCG@3": 0.24996,
        "NDCG@5": 0.26624,
        "NDCG@10": 0.28752,
        "NDCG@100": 0.33543,
        "NDCG@1000": 0.36458
    },
    "MAP": {
        "MAP@1": 0.19259,
        "MAP@3": 0.23025,
        "MAP@5": 0.24002,
        "MAP@10": 0.24904,
        "MAP@100": 0.25838,
        "MAP@1000": 0.25946
    },
    "Recall": {
        "R_cap@1": 0.22108,
        "R_cap@3": 0.27441,
        "R_cap@5": 0.31262,
        "R_cap@10": 0.37389,
        "R_cap@100": 0.59195,
        "R_cap@1000": 0.80417
    },
    "Precision": {
        "P@1": 0.22108,
        "P@3": 0.10852,
        "P@5": 0.07649,
        "P@10": 0.04701,
        "P@100": 0.00792,
        "P@1000": 0.00117
    },
    "mrr": {
        "MRR@1": 0.22108,
        "MRR@3": 0.26104,
        "MRR@5": 0.27223,
        "MRR@10": 0.28185,
        "MRR@100": 0.29009,
        "MRR@1000": 0.2908
    },
    "hole": {
        "Hole@1": 0.71922,
        "Hole@3": 0.82867,
        "Hole@5": 0.86007,
        "Hole@10": 0.89151,
        "Hole@100": 0.94046,
        "Hole@1000": 0.9553
    }
}