{
    "nDCG": {
        "NDCG@1": 0.34333,
        "NDCG@3": 0.41574,
        "NDCG@5": 0.44642,
        "NDCG@10": 0.47546,
        "NDCG@100": 0.5273,
        "NDCG@1000": 0.53977
    },
    "MAP": {
        "MAP@1": 0.32233,
        "MAP@3": 0.39028,
        "MAP@5": 0.40832,
        "MAP@10": 0.42045,
        "MAP@100": 0.43216,
        "MAP@1000": 0.43267
    },
    "Recall": {
        "R_cap@1": 0.34333,
        "R_cap@3": 0.46944,
        "R_cap@5": 0.54339,
        "R_cap@10": 0.6335,
        "R_cap@100": 0.86967,
        "R_cap@1000": 0.965
    },
    "Precision": {
        "P@1": 0.34333,
        "P@3": 0.17,
        "P@5": 0.12067,
        "P@10": 0.07033,
        "P@100": 0.0098,
        "P@1000": 0.00109
    },
    "mrr": {
        "MRR@1": 0.34333,
        "MRR@3": 0.40667,
        "MRR@5": 0.42433,
        "MRR@10": 0.43558,
        "MRR@100": 0.44465,
        "MRR@1000": 0.44503
    },
    "hole": {
        "Hole@1": 0.63333,
        "Hole@3": 0.79556,
        "Hole@5": 0.848,
        "Hole@10": 0.896,
        "Hole@100": 0.94333,
        "Hole@1000": 0.94867
    }
}