{
    "nDCG": {
        "NDCG@1": 0.41486,
        "NDCG@3": 0.38528,
        "NDCG@5": 0.36406,
        "NDCG@10": 0.32758,
        "NDCG@100": 0.30345,
        "NDCG@1000": 0.39458
    },
    "MAP": {
        "MAP@1": 0.05648,
        "MAP@3": 0.0926,
        "MAP@5": 0.10793,
        "MAP@10": 0.12267,
        "MAP@100": 0.15524,
        "MAP@1000": 0.1699
    },
    "Recall": {
        "R_cap@1": 0.43034,
        "R_cap@3": 0.3839,
        "R_cap@5": 0.35392,
        "R_cap@10": 0.30257,
        "R_cap@100": 0.31589,
        "R_cap@1000": 0.62993
    },
    "Precision": {
        "P@1": 0.42724,
        "P@3": 0.3612,
        "P@5": 0.31455,
        "P@10": 0.24087,
        "P@100": 0.07895,
        "P@1000": 0.02111
    },
    "mrr": {
        "MRR@1": 0.43034,
        "MRR@3": 0.50877,
        "MRR@5": 0.51791,
        "MRR@10": 0.5274,
        "MRR@100": 0.53281,
        "MRR@1000": 0.53322
    },
    "hole": {
        "Hole@1": 0.0743,
        "Hole@3": 0.07637,
        "Hole@5": 0.08173,
        "Hole@10": 0.09257,
        "Hole@100": 0.12325,
        "Hole@1000": 0.13098
    }
}