{
    "nDCG": {
        "NDCG@1": 0.17391,
        "NDCG@3": 0.21349,
        "NDCG@5": 0.23219,
        "NDCG@10": 0.25561,
        "NDCG@100": 0.31477,
        "NDCG@1000": 0.35112
    },
    "MAP": {
        "MAP@1": 0.13999,
        "MAP@3": 0.18256,
        "MAP@5": 0.19453,
        "MAP@10": 0.20626,
        "MAP@100": 0.21923,
        "MAP@1000": 0.22161
    },
    "Recall": {
        "R_cap@1": 0.17391,
        "R_cap@3": 0.24638,
        "R_cap@5": 0.29022,
        "R_cap@10": 0.36142,
        "R_cap@100": 0.63259,
        "R_cap@1000": 0.87507
    },
    "Precision": {
        "P@1": 0.17391,
        "P@3": 0.10408,
        "P@5": 0.07905,
        "P@10": 0.05198,
        "P@100": 0.01182,
        "P@1000": 0.0022
    },
    "mrr": {
        "MRR@1": 0.17391,
        "MRR@3": 0.22431,
        "MRR@5": 0.23735,
        "MRR@10": 0.24685,
        "MRR@100": 0.25677,
        "MRR@1000": 0.25762
    },
    "hole": {
        "Hole@1": 0.72332,
        "Hole@3": 0.79974,
        "Hole@5": 0.81344,
        "Hole@10": 0.83972,
        "Hole@100": 0.88528,
        "Hole@1000": 0.90032
    }
}