{
    "nDCG": {
        "NDCG@1": 0.30533,
        "NDCG@3": 0.41296,
        "NDCG@5": 0.45391,
        "NDCG@10": 0.49703,
        "NDCG@100": 0.54618,
        "NDCG@1000": 0.55456
    },
    "MAP": {
        "MAP@1": 0.26938,
        "MAP@3": 0.37362,
        "MAP@5": 0.398,
        "MAP@10": 0.41757,
        "MAP@100": 0.42956,
        "MAP@1000": 0.42994
    },
    "Recall": {
        "R_cap@1": 0.30533,
        "R_cap@3": 0.49498,
        "R_cap@5": 0.58968,
        "R_cap@10": 0.71492,
        "R_cap@100": 0.92454,
        "R_cap@1000": 0.9859
    },
    "Precision": {
        "P@1": 0.30533,
        "P@3": 0.19148,
        "P@5": 0.13812,
        "P@10": 0.08502,
        "P@100": 0.01121,
        "P@1000": 0.0012
    },
    "mrr": {
        "MRR@1": 0.30533,
        "MRR@3": 0.40595,
        "MRR@5": 0.42711,
        "MRR@10": 0.44316,
        "MRR@100": 0.45236,
        "MRR@1000": 0.45263
    },
    "hole": {
        "Hole@1": 0.69061,
        "Hole@3": 0.80485,
        "Hole@5": 0.85811,
        "Hole@10": 0.91057,
        "Hole@100": 0.98477,
        "Hole@1000": 0.99531
    }
}