{
    "nDCG": {
        "NDCG@1": 0.36489,
        "NDCG@3": 0.42202,
        "NDCG@5": 0.44273,
        "NDCG@10": 0.46432,
        "NDCG@100": 0.50903,
        "NDCG@1000": 0.52388
    },
    "MAP": {
        "MAP@1": 0.32282,
        "MAP@3": 0.39289,
        "MAP@5": 0.4064,
        "MAP@10": 0.41647,
        "MAP@100": 0.42666,
        "MAP@1000": 0.42735
    },
    "Recall": {
        "R_cap@1": 0.36489,
        "R_cap@3": 0.46698,
        "R_cap@5": 0.51506,
        "R_cap@10": 0.57635,
        "R_cap@100": 0.77193,
        "R_cap@1000": 0.87693
    },
    "Precision": {
        "P@1": 0.36489,
        "P@3": 0.18412,
        "P@5": 0.12489,
        "P@10": 0.07254,
        "P@100": 0.01045,
        "P@1000": 0.00122
    },
    "mrr": {
        "MRR@1": 0.36489,
        "MRR@3": 0.42706,
        "MRR@5": 0.4391,
        "MRR@10": 0.44769,
        "MRR@100": 0.45518,
        "MRR@1000": 0.45563
    },
    "hole": {
        "Hole@1": 0.58495,
        "Hole@3": 0.74211,
        "Hole@5": 0.79737,
        "Hole@10": 0.85166,
        "Hole@100": 0.92146,
        "Hole@1000": 0.94307
    }
}