{
    "nDCG": {
        "NDCG@1": 0.19427,
        "NDCG@3": 0.22315,
        "NDCG@5": 0.2401,
        "NDCG@10": 0.26393,
        "NDCG@100": 0.31217,
        "NDCG@1000": 0.3418
    },
    "MAP": {
        "MAP@1": 0.15575,
        "MAP@3": 0.19656,
        "MAP@5": 0.20801,
        "MAP@10": 0.21917,
        "MAP@100": 0.22937,
        "MAP@1000": 0.23075
    },
    "Recall": {
        "R_cap@1": 0.19427,
        "R_cap@3": 0.24873,
        "R_cap@5": 0.28892,
        "R_cap@10": 0.35887,
        "R_cap@100": 0.56888,
        "R_cap@1000": 0.77195
    },
    "Precision": {
        "P@1": 0.19427,
        "P@3": 0.10658,
        "P@5": 0.07898,
        "P@10": 0.05134,
        "P@100": 0.00973,
        "P@1000": 0.0015
    },
    "mrr": {
        "MRR@1": 0.19427,
        "MRR@3": 0.23758,
        "MRR@5": 0.24959,
        "MRR@10": 0.26052,
        "MRR@100": 0.26876,
        "MRR@1000": 0.26945
    },
    "hole": {
        "Hole@1": 0.68408,
        "Hole@3": 0.76327,
        "Hole@5": 0.78739,
        "Hole@10": 0.81535,
        "Hole@100": 0.86262,
        "Hole@1000": 0.88494
    }
}