{
    "nDCG": {
        "NDCG@1": 0.41796,
        "NDCG@3": 0.38607,
        "NDCG@5": 0.36373,
        "NDCG@10": 0.32837,
        "NDCG@100": 0.30358,
        "NDCG@1000": 0.39497
    },
    "MAP": {
        "MAP@1": 0.05699,
        "MAP@3": 0.09295,
        "MAP@5": 0.10816,
        "MAP@10": 0.12309,
        "MAP@100": 0.15556,
        "MAP@1000": 0.17027
    },
    "Recall": {
        "R_cap@1": 0.43034,
        "R_cap@3": 0.3839,
        "R_cap@5": 0.35268,
        "R_cap@10": 0.30308,
        "R_cap@100": 0.31478,
        "R_cap@1000": 0.63057
    },
    "Precision": {
        "P@1": 0.43034,
        "P@3": 0.3612,
        "P@5": 0.31331,
        "P@10": 0.24118,
        "P@100": 0.07873,
        "P@1000": 0.02109
    },
    "mrr": {
        "MRR@1": 0.43034,
        "MRR@3": 0.5098,
        "MRR@5": 0.51971,
        "MRR@10": 0.52862,
        "MRR@100": 0.53401,
        "MRR@1000": 0.53446
    },
    "hole": {
        "Hole@1": 0.0743,
        "Hole@3": 0.07637,
        "Hole@5": 0.08235,
        "Hole@10": 0.09412,
        "Hole@100": 0.12337,
        "Hole@1000": 0.13098
    }
}