{
    "nDCG": {
        "NDCG@1": 0.06841,
        "NDCG@3": 0.08349,
        "NDCG@5": 0.09571,
        "NDCG@10": 0.11142,
        "NDCG@100": 0.15921,
        "NDCG@1000": 0.19975
    },
    "MAP": {
        "MAP@1": 0.0529,
        "MAP@3": 0.07169,
        "MAP@5": 0.07877,
        "MAP@10": 0.08551,
        "MAP@100": 0.0939,
        "MAP@1000": 0.09537
    },
    "Recall": {
        "R_cap@1": 0.06841,
        "R_cap@3": 0.09805,
        "R_cap@5": 0.12813,
        "R_cap@10": 0.17402,
        "R_cap@100": 0.39473,
        "R_cap@1000": 0.68844
    },
    "Precision": {
        "P@1": 0.06841,
        "P@3": 0.04022,
        "P@5": 0.03209,
        "P@10": 0.02239,
        "P@100": 0.00553,
        "P@1000": 0.00107
    },
    "mrr": {
        "MRR@1": 0.06841,
        "MRR@3": 0.08934,
        "MRR@5": 0.09786,
        "MRR@10": 0.10563,
        "MRR@100": 0.11447,
        "MRR@1000": 0.11559
    },
    "hole": {
        "Hole@1": 0.84577,
        "Hole@3": 0.85904,
        "Hole@5": 0.86517,
        "Hole@10": 0.87438,
        "Hole@100": 0.88948,
        "Hole@1000": 0.90161
    }
}