{
    "nDCG": {
        "NDCG@1": 0.20339,
        "NDCG@3": 0.2488,
        "NDCG@5": 0.26248,
        "NDCG@10": 0.28683,
        "NDCG@100": 0.33457,
        "NDCG@1000": 0.362
    },
    "MAP": {
        "MAP@1": 0.18663,
        "MAP@3": 0.22992,
        "MAP@5": 0.23794,
        "MAP@10": 0.24837,
        "MAP@100": 0.25742,
        "MAP@1000": 0.25836
    },
    "Recall": {
        "R_cap@1": 0.20339,
        "R_cap@3": 0.28399,
        "R_cap@5": 0.31704,
        "R_cap@10": 0.3898,
        "R_cap@100": 0.61565,
        "R_cap@1000": 0.8295
    },
    "Precision": {
        "P@1": 0.20339,
        "P@3": 0.10621,
        "P@5": 0.07164,
        "P@10": 0.04463,
        "P@100": 0.00718,
        "P@1000": 0.00099
    },
    "mrr": {
        "MRR@1": 0.20339,
        "MRR@3": 0.24859,
        "MRR@5": 0.25638,
        "MRR@10": 0.26629,
        "MRR@100": 0.27488,
        "MRR@1000": 0.27571
    },
    "hole": {
        "Hole@1": 0.75593,
        "Hole@3": 0.85122,
        "Hole@5": 0.88927,
        "Hole@10": 0.91616,
        "Hole@100": 0.95498,
        "Hole@1000": 0.96565
    }
}