{
    "nDCG": {
        "NDCG@1": 0.39175,
        "NDCG@3": 0.34252,
        "NDCG@5": 0.31113,
        "NDCG@10": 0.27681,
        "NDCG@100": 0.3035,
        "NDCG@1000": 0.36792
    },
    "MAP": {
        "MAP@1": 0.02866,
        "MAP@3": 0.05975,
        "MAP@5": 0.0764,
        "MAP@10": 0.10352,
        "MAP@100": 0.15073,
        "MAP@1000": 0.15864
    },
    "Recall": {
        "R_cap@1": 0.41237,
        "R_cap@3": 0.34364,
        "R_cap@5": 0.29897,
        "R_cap@10": 0.247,
        "R_cap@100": 0.323,
        "R_cap@1000": 0.54176
    },
    "Precision": {
        "P@1": 0.41237,
        "P@3": 0.34021,
        "P@5": 0.29691,
        "P@10": 0.23505,
        "P@100": 0.06639,
        "P@1000": 0.01104
    },
    "mrr": {
        "MRR@1": 0.41237,
        "MRR@3": 0.45533,
        "MRR@5": 0.46512,
        "MRR@10": 0.47574,
        "MRR@100": 0.48241,
        "MRR@1000": 0.48272
    },
    "hole": {
        "Hole@1": 0.57732,
        "Hole@3": 0.64261,
        "Hole@5": 0.69278,
        "Hole@10": 0.75979,
        "Hole@100": 0.93124,
        "Hole@1000": 0.98771
    }
}