{
    "nDCG": {
        "NDCG@1": 0.18367,
        "NDCG@3": 0.16182,
        "NDCG@5": 0.16243,
        "NDCG@10": 0.17626,
        "NDCG@100": 0.28121,
        "NDCG@1000": 0.39449
    },
    "MAP": {
        "MAP@1": 0.01721,
        "MAP@3": 0.03402,
        "MAP@5": 0.04367,
        "MAP@10": 0.06535,
        "MAP@100": 0.11159,
        "MAP@1000": 0.1256
    },
    "Recall": {
        "R_cap@1": 0.20408,
        "R_cap@3": 0.17007,
        "R_cap@5": 0.17143,
        "R_cap@10": 0.19391,
        "R_cap@100": 0.3906,
        "R_cap@1000": 0.7244
    },
    "Precision": {
        "P@1": 0.20408,
        "P@3": 0.17007,
        "P@5": 0.17143,
        "P@10": 0.17959,
        "P@100": 0.06327,
        "P@1000": 0.01351
    },
    "mrr": {
        "MRR@1": 0.20408,
        "MRR@3": 0.2517,
        "MRR@5": 0.28946,
        "MRR@10": 0.32247,
        "MRR@100": 0.33289,
        "MRR@1000": 0.333
    },
    "hole": {
        "Hole@1": 0.67347,
        "Hole@3": 0.71429,
        "Hole@5": 0.70204,
        "Hole@10": 0.72653,
        "Hole@100": 0.89673,
        "Hole@1000": 0.9689
    }
}