{
    "nDCG": {
        "NDCG@1": 0.48538,
        "NDCG@3": 0.44053,
        "NDCG@5": 0.4236,
        "NDCG@10": 0.39974,
        "NDCG@100": 0.4187,
        "NDCG@1000": 0.5315
    },
    "MAP": {
        "MAP@1": 0.02034,
        "MAP@3": 0.05505,
        "MAP@5": 0.073,
        "MAP@10": 0.11123,
        "MAP@100": 0.22416,
        "MAP@1000": 0.25691
    },
    "Recall": {
        "R_cap@1": 0.59649,
        "R_cap@3": 0.57602,
        "R_cap@5": 0.52105,
        "R_cap@10": 0.4598,
        "R_cap@100": 0.44772,
        "R_cap@1000": 0.74031
    },
    "Precision": {
        "P@1": 0.59649,
        "P@3": 0.5731,
        "P@5": 0.5193,
        "P@10": 0.44912,
        "P@100": 0.17123,
        "P@1000": 0.03528
    },
    "mrr": {
        "MRR@1": 0.59649,
        "MRR@3": 0.69298,
        "MRR@5": 0.70877,
        "MRR@10": 0.7117,
        "MRR@100": 0.71513,
        "MRR@1000": 0.71529
    },
    "hole": {
        "Hole@1": 0.08772,
        "Hole@3": 0.12281,
        "Hole@5": 0.18596,
        "Hole@10": 0.25263,
        "Hole@100": 0.56175,
        "Hole@1000": 0.83826
    }
}