{
    "nDCG": {
        "NDCG@1": 0.48625,
        "NDCG@3": 0.40888,
        "NDCG@5": 0.38928,
        "NDCG@10": 0.37534,
        "NDCG@100": 0.42069,
        "NDCG@1000": 0.49593
    },
    "MAP": {
        "MAP@1": 0.08463,
        "MAP@3": 0.12968,
        "MAP@5": 0.15023,
        "MAP@10": 0.1797,
        "MAP@100": 0.25159,
        "MAP@1000": 0.26771
    },
    "Recall": {
        "R_cap@1": 0.61,
        "R_cap@3": 0.46792,
        "R_cap@5": 0.42633,
        "R_cap@10": 0.39292,
        "R_cap@100": 0.49249,
        "R_cap@1000": 0.72584
    },
    "Precision": {
        "P@1": 0.61,
        "P@3": 0.44417,
        "P@5": 0.38,
        "P@10": 0.3015,
        "P@100": 0.09723,
        "P@1000": 0.02077
    },
    "mrr": {
        "MRR@1": 0.61,
        "MRR@3": 0.68083,
        "MRR@5": 0.69208,
        "MRR@10": 0.7002,
        "MRR@100": 0.7035,
        "MRR@1000": 0.7036
    },
    "hole": {
        "Hole@1": 0.235,
        "Hole@3": 0.36167,
        "Hole@5": 0.415,
        "Hole@10": 0.49825,
        "Hole@100": 0.78635,
        "Hole@1000": 0.93233
    }
}