{
    "nDCG": {
        "NDCG@1": 0.306,
        "NDCG@3": 0.29664,
        "NDCG@5": 0.29259,
        "NDCG@10": 0.29391,
        "NDCG@100": 0.34656,
        "NDCG@1000": 0.36892
    },
    "MAP": {
        "MAP@1": 0.15282,
        "MAP@3": 0.19794,
        "MAP@5": 0.21137,
        "MAP@10": 0.22493,
        "MAP@100": 0.24197,
        "MAP@1000": 0.24372
    },
    "Recall": {
        "R_cap@1": 0.306,
        "R_cap@3": 0.30467,
        "R_cap@5": 0.3052,
        "R_cap@10": 0.32537,
        "R_cap@100": 0.49889,
        "R_cap@1000": 0.6011
    },
    "Precision": {
        "P@1": 0.306,
        "P@3": 0.19733,
        "P@5": 0.152,
        "P@10": 0.1006,
        "P@100": 0.0195,
        "P@1000": 0.00259
    },
    "mrr": {
        "MRR@1": 0.306,
        "MRR@3": 0.37,
        "MRR@5": 0.3829,
        "MRR@10": 0.391,
        "MRR@100": 0.39813,
        "MRR@1000": 0.39852
    },
    "hole": {
        "Hole@1": 0.676,
        "Hole@3": 0.782,
        "Hole@5": 0.8304,
        "Hole@10": 0.8844,
        "Hole@100": 0.97536,
        "Hole@1000": 0.996
    }
}