{
    "nDCG": {
        "NDCG@1": 0.7628,
        "NDCG@3": 0.80677,
        "NDCG@5": 0.82388,
        "NDCG@10": 0.83881,
        "NDCG@100": 0.85565,
        "NDCG@1000": 0.8583
    },
    "MAP": {
        "MAP@1": 0.6629,
        "MAP@3": 0.76637,
        "MAP@5": 0.7846,
        "MAP@10": 0.79553,
        "MAP@100": 0.80235,
        "MAP@1000": 0.80264
    },
    "Recall": {
        "R_cap@1": 0.7629,
        "R_cap@3": 0.84362,
        "R_cap@5": 0.8825,
        "R_cap@10": 0.92245,
        "R_cap@100": 0.98257,
        "R_cap@1000": 0.99642
    },
    "Precision": {
        "P@1": 0.7628,
        "P@3": 0.35127,
        "P@5": 0.2316,
        "P@10": 0.12691,
        "P@100": 0.0148,
        "P@1000": 0.00155
    },
    "mrr": {
        "MRR@1": 0.7629,
        "MRR@3": 0.82153,
        "MRR@5": 0.82935,
        "MRR@10": 0.8335,
        "MRR@100": 0.83525,
        "MRR@1000": 0.83529
    },
    "hole": {
        "Hole@1": 0.2192,
        "Hole@3": 0.61047,
        "Hole@5": 0.72356,
        "Hole@10": 0.8239,
        "Hole@100": 0.93575,
        "Hole@1000": 0.95469
    }
}