{
    "nDCG": {
        "NDCG@1": 0.55611,
        "NDCG@3": 0.65839,
        "NDCG@5": 0.68737,
        "NDCG@10": 0.70729,
        "NDCG@100": 0.72545,
        "NDCG@1000": 0.72916
    },
    "MAP": {
        "MAP@1": 0.51615,
        "MAP@3": 0.61665,
        "MAP@5": 0.63382,
        "MAP@10": 0.64266,
        "MAP@100": 0.64704,
        "MAP@1000": 0.64722
    },
    "Recall": {
        "R_cap@1": 0.55611,
        "R_cap@3": 0.73762,
        "R_cap@5": 0.80648,
        "R_cap@10": 0.86556,
        "R_cap@100": 0.94332,
        "R_cap@1000": 0.96835
    },
    "Precision": {
        "P@1": 0.55611,
        "P@3": 0.26658,
        "P@5": 0.17582,
        "P@10": 0.09499,
        "P@100": 0.01055,
        "P@1000": 0.0011
    },
    "mrr": {
        "MRR@1": 0.55611,
        "MRR@3": 0.65952,
        "MRR@5": 0.67591,
        "MRR@10": 0.68399,
        "MRR@100": 0.68722,
        "MRR@1000": 0.6873
    },
    "hole": {
        "Hole@1": 0.41449,
        "Hole@3": 0.70147,
        "Hole@5": 0.79466,
        "Hole@10": 0.88329,
        "Hole@100": 0.98198,
        "Hole@1000": 0.99585
    }
}