{
    "nDCG": {
        "NDCG@1": 0.2289,
        "NDCG@3": 0.25864,
        "NDCG@5": 0.28649,
        "NDCG@10": 0.31444,
        "NDCG@100": 0.37817,
        "NDCG@1000": 0.41039
    },
    "MAP": {
        "MAP@1": 0.18378,
        "MAP@3": 0.2275,
        "MAP@5": 0.24586,
        "MAP@10": 0.25919,
        "MAP@100": 0.27359,
        "MAP@1000": 0.27538
    },
    "Recall": {
        "R_cap@1": 0.2289,
        "R_cap@3": 0.2866,
        "R_cap@5": 0.35238,
        "R_cap@10": 0.43241,
        "R_cap@100": 0.7052,
        "R_cap@1000": 0.91542
    },
    "Precision": {
        "P@1": 0.2289,
        "P@3": 0.12351,
        "P@5": 0.09785,
        "P@10": 0.06381,
        "P@100": 0.01258,
        "P@1000": 0.00189
    },
    "mrr": {
        "MRR@1": 0.2289,
        "MRR@3": 0.27444,
        "MRR@5": 0.29397,
        "MRR@10": 0.30753,
        "MRR@100": 0.31778,
        "MRR@1000": 0.31855
    },
    "hole": {
        "Hole@1": 0.65951,
        "Hole@3": 0.77206,
        "Hole@5": 0.79714,
        "Hole@10": 0.83119,
        "Hole@100": 0.88981,
        "Hole@1000": 0.91204
    }
}