{
    "nDCG": {
        "NDCG@1": 0.1306,
        "NDCG@3": 0.16337,
        "NDCG@5": 0.18148,
        "NDCG@10": 0.2031,
        "NDCG@100": 0.25296,
        "NDCG@1000": 0.2892
    },
    "MAP": {
        "MAP@1": 0.10348,
        "MAP@3": 0.14176,
        "MAP@5": 0.1529,
        "MAP@10": 0.16236,
        "MAP@100": 0.1718,
        "MAP@1000": 0.17318
    },
    "Recall": {
        "R_cap@1": 0.1306,
        "R_cap@3": 0.19092,
        "R_cap@5": 0.23449,
        "R_cap@10": 0.29817,
        "R_cap@100": 0.52177,
        "R_cap@1000": 0.78442
    },
    "Precision": {
        "P@1": 0.1306,
        "P@3": 0.0796,
        "P@5": 0.05995,
        "P@10": 0.03881,
        "P@100": 0.00745,
        "P@1000": 0.0012
    },
    "mrr": {
        "MRR@1": 0.1306,
        "MRR@3": 0.1733,
        "MRR@5": 0.18536,
        "MRR@10": 0.1953,
        "MRR@100": 0.20434,
        "MRR@1000": 0.2053
    },
    "hole": {
        "Hole@1": 0.76741,
        "Hole@3": 0.82546,
        "Hole@5": 0.85149,
        "Hole@10": 0.87475,
        "Hole@100": 0.90541,
        "Hole@1000": 0.9144
    }
}