{
    "nDCG": {
        "NDCG@1": 0.39175,
        "NDCG@3": 0.34316,
        "NDCG@5": 0.31369,
        "NDCG@10": 0.27951,
        "NDCG@100": 0.3035,
        "NDCG@1000": 0.36806
    },
    "MAP": {
        "MAP@1": 0.02866,
        "MAP@3": 0.05984,
        "MAP@5": 0.07708,
        "MAP@10": 0.10424,
        "MAP@100": 0.15117,
        "MAP@1000": 0.15911
    },
    "Recall": {
        "R_cap@1": 0.42268,
        "R_cap@3": 0.34708,
        "R_cap@5": 0.29897,
        "R_cap@10": 0.25318,
        "R_cap@100": 0.32241,
        "R_cap@1000": 0.54002
    },
    "Precision": {
        "P@1": 0.41237,
        "P@3": 0.34021,
        "P@5": 0.30103,
        "P@10": 0.23814,
        "P@100": 0.06619,
        "P@1000": 0.01104
    },
    "mrr": {
        "MRR@1": 0.42268,
        "MRR@3": 0.46048,
        "MRR@5": 0.47027,
        "MRR@10": 0.48093,
        "MRR@100": 0.48751,
        "MRR@1000": 0.48782
    },
    "hole": {
        "Hole@1": 0.56701,
        "Hole@3": 0.63918,
        "Hole@5": 0.69278,
        "Hole@10": 0.75361,
        "Hole@100": 0.93124,
        "Hole@1000": 0.98771
    }
}