{
    "nDCG": {
        "NDCG@1": 0.41796,
        "NDCG@3": 0.38607,
        "NDCG@5": 0.36373,
        "NDCG@10": 0.32836,
        "NDCG@100": 0.3038,
        "NDCG@1000": 0.39496
    },
    "MAP": {
        "MAP@1": 0.05699,
        "MAP@3": 0.09295,
        "MAP@5": 0.10816,
        "MAP@10": 0.12307,
        "MAP@100": 0.15554,
        "MAP@1000": 0.17025
    },
    "Recall": {
        "R_cap@1": 0.43653,
        "R_cap@3": 0.3839,
        "R_cap@5": 0.35268,
        "R_cap@10": 0.30308,
        "R_cap@100": 0.31626,
        "R_cap@1000": 0.63057
    },
    "Precision": {
        "P@1": 0.43034,
        "P@3": 0.3612,
        "P@5": 0.31331,
        "P@10": 0.24118,
        "P@100": 0.07873,
        "P@1000": 0.02109
    },
    "mrr": {
        "MRR@1": 0.43653,
        "MRR@3": 0.5129,
        "MRR@5": 0.52281,
        "MRR@10": 0.53172,
        "MRR@100": 0.53714,
        "MRR@1000": 0.53756
    },
    "hole": {
        "Hole@1": 0.0743,
        "Hole@3": 0.07637,
        "Hole@5": 0.08173,
        "Hole@10": 0.09381,
        "Hole@100": 0.12334,
        "Hole@1000": 0.13099
    }
}