{
    "nDCG": {
        "NDCG@1": 0.00142,
        "NDCG@3": 0.20496,
        "NDCG@5": 0.26823,
        "NDCG@10": 0.33444,
        "NDCG@100": 0.39523,
        "NDCG@1000": 0.39807
    },
    "MAP": {
        "MAP@1": 0.00142,
        "MAP@3": 0.15422,
        "MAP@5": 0.1895,
        "MAP@10": 0.21654,
        "MAP@100": 0.23097,
        "MAP@1000": 0.2311
    },
    "Recall": {
        "R_cap@1": 0.00142,
        "R_cap@3": 0.35206,
        "R_cap@5": 0.50498,
        "R_cap@10": 0.71124,
        "R_cap@100": 0.97511,
        "R_cap@1000": 0.99644
    },
    "Precision": {
        "P@1": 0.00142,
        "P@3": 0.11735,
        "P@5": 0.101,
        "P@10": 0.07112,
        "P@100": 0.00975,
        "P@1000": 0.001
    },
    "mrr": {
        "MRR@1": 0.00142,
        "MRR@3": 0.15422,
        "MRR@5": 0.18953,
        "MRR@10": 0.21657,
        "MRR@100": 0.23101,
        "MRR@1000": 0.23114
    },
    "hole": {
        "Hole@1": 0.99858,
        "Hole@3": 0.76316,
        "Hole@5": 0.72717,
        "Hole@10": 0.6867,
        "Hole@100": 0.79735,
        "Hole@1000": 0.83953
    }
}