{
    "nDCG": {
        "NDCG@1": 0.22332,
        "NDCG@3": 0.2661,
        "NDCG@5": 0.28189,
        "NDCG@10": 0.30439,
        "NDCG@100": 0.36021,
        "NDCG@1000": 0.39319
    },
    "MAP": {
        "MAP@1": 0.18418,
        "MAP@3": 0.23309,
        "MAP@5": 0.24468,
        "MAP@10": 0.25604,
        "MAP@100": 0.26969,
        "MAP@1000": 0.27183
    },
    "Recall": {
        "R_cap@1": 0.22332,
        "R_cap@3": 0.30072,
        "R_cap@5": 0.33715,
        "R_cap@10": 0.40272,
        "R_cap@100": 0.65468,
        "R_cap@1000": 0.8711
    },
    "Precision": {
        "P@1": 0.22332,
        "P@3": 0.12648,
        "P@5": 0.0917,
        "P@10": 0.05929,
        "P@100": 0.01227,
        "P@1000": 0.00217
    },
    "mrr": {
        "MRR@1": 0.22332,
        "MRR@3": 0.27503,
        "MRR@5": 0.28472,
        "MRR@10": 0.29466,
        "MRR@100": 0.30483,
        "MRR@1000": 0.30565
    },
    "hole": {
        "Hole@1": 0.68577,
        "Hole@3": 0.78195,
        "Hole@5": 0.81344,
        "Hole@10": 0.84526,
        "Hole@100": 0.88897,
        "Hole@1000": 0.90188
    }
}